,miRNA,ceRNA,species,database,type,inference
220575,hsa-miR-106b-5p,ABCD1,Homo sapiens,miRWalk,miRNA-mRNA,strict
220710,hsa-miR-106b-5p,ACKR2,Homo sapiens,miRWalk,miRNA-mRNA,strict
220727,hsa-miR-106b-5p,ACVR2B,Homo sapiens,RNAInter,miRNA-mRNA,strict
220732,hsa-miR-106b-5p,ADAM22,Homo sapiens,miRWalk,miRNA-mRNA,strict
220735,hsa-miR-106b-5p,ADAMTS1,Homo sapiens,RNAInter,miRNA-mRNA,strict
220736,hsa-miR-106b-5p,ADAMTS5,Homo sapiens,RNAInter,miRNA-mRNA,strict
220746,hsa-miR-106b-5p,ADGRE5,Homo sapiens,RNAInter,miRNA-mRNA,strict
220846,hsa-miR-106b-5p,AMPD2,Homo sapiens,RNAInter,miRNA-mRNA,strict
220911,hsa-miR-106b-5p,APBB2,Homo sapiens,RNAInter,miRNA-mRNA,strict
220916,hsa-miR-106b-5p,APLP2,Homo sapiens,RNAInter;miRTarBase_9.0,miRNA-mRNA,strict
220925,hsa-miR-106b-5p,AQP3,Homo sapiens,RNAInter,miRNA-mRNA,strict
220948,hsa-miR-106b-5p,ARHGEF28,Homo sapiens,miRDB_6.0;RNAInter,miRNA-mRNA,strict
220959,hsa-miR-106b-5p,ARL4A,Homo sapiens,RNAInter,miRNA-mRNA,strict
220967,hsa-miR-106b-5p,ARMCX4,Homo sapiens,miRWalk,miRNA-mRNA,strict
221002,hsa-miR-106b-5p,ASPM,Homo sapiens,RNAInter,miRNA-mRNA,strict
221024,hsa-miR-106b-5p,ATP11A,Homo sapiens,RNAInter,miRNA-mRNA,strict
221060,hsa-miR-106b-5p,B3GNT5,Homo sapiens,RNAInter,miRNA-mRNA,strict
221074,hsa-miR-106b-5p,BAHD1,Homo sapiens,miRDB_6.0;RNAInter,miRNA-mRNA,strict
221137,hsa-miR-106b-5p,BPGM,Homo sapiens,RNAInter;miRWalk,miRNA-mRNA,strict
221244,hsa-miR-106b-5p,CABP1,Homo sapiens,miRWalk,miRNA-mRNA,strict
221301,hsa-miR-106b-5p,CCDC112,Homo sapiens,miRWalk,miRNA-mRNA,strict
221314,hsa-miR-106b-5p,CCDC30,Homo sapiens,RNAInter;miRTarBase_9.0,miRNA-mRNA,strict
221319,hsa-miR-106b-5p,CCDC68,Homo sapiens,RNAInter,miRNA-mRNA,strict
221340,hsa-miR-106b-5p,CCNL1,Homo sapiens,RNAInter,miRNA-mRNA,strict
221398,hsa-miR-106b-5p,CDKN1A,Homo sapiens,miRDB_6.0;RNAInter;miRTarBase_9.0,miRNA-mRNA,strict
221408,hsa-miR-106b-5p,CEBPZOS,Homo sapiens,RNAInter,miRNA-mRNA,strict
221413,hsa-miR-106b-5p,CENPF,Homo sapiens,RNAInter,miRNA-mRNA,strict
221421,hsa-miR-106b-5p,CEP112,Homo sapiens,miRWalk,miRNA-mRNA,strict
221432,hsa-miR-106b-5p,CEP76,Homo sapiens,miRWalk,miRNA-mRNA,strict
221445,hsa-miR-106b-5p,CFL2,Homo sapiens,miRDB_6.0;RNAInter;miRTarBase_9.0,miRNA-mRNA,strict
221448,hsa-miR-106b-5p,CHAF1A,Homo sapiens,RNAInter;miRTarBase_9.0,miRNA-mRNA,strict
221505,hsa-miR-106b-5p,CLUH,Homo sapiens,RNAInter,miRNA-mRNA,strict
221513,hsa-miR-106b-5p,CNKSR3,Homo sapiens,RNAInter;miRTarBase_9.0,miRNA-mRNA,strict
221516,hsa-miR-106b-5p,CNN3,Homo sapiens,RNAInter;miRWalk,miRNA-mRNA,strict
221593,hsa-miR-106b-5p,CRIM1,Homo sapiens,RNAInter,miRNA-mRNA,strict
221625,hsa-miR-106b-5p,CTSA,Homo sapiens,miRDB_6.0;RNAInter,miRNA-mRNA,strict
221628,hsa-miR-106b-5p,CTTN,Homo sapiens,RNAInter,miRNA-mRNA,strict
221645,hsa-miR-106b-5p,CYB5A,Homo sapiens,RNAInter;miRTarBase_9.0,miRNA-mRNA,strict
221721,hsa-miR-106b-5p,DEPDC1,Homo sapiens,RNAInter,miRNA-mRNA,strict
221726,hsa-miR-106b-5p,DGKD,Homo sapiens,RNAInter;miRTarBase_9.0,miRNA-mRNA,strict
221746,hsa-miR-106b-5p,DLG5,Homo sapiens,RNAInter,miRNA-mRNA,strict
221756,hsa-miR-106b-5p,DMTF1,Homo sapiens,RNAInter,miRNA-mRNA,strict
221813,hsa-miR-106b-5p,DSP,Homo sapiens,RNAInter,miRNA-mRNA,strict
221815,hsa-miR-106b-5p,DST,Homo sapiens,RNAInter,miRNA-mRNA,strict
221817,hsa-miR-106b-5p,DTL,Homo sapiens,RNAInter,miRNA-mRNA,strict
221829,hsa-miR-106b-5p,DYNC2H1,Homo sapiens,RNAInter,miRNA-mRNA,strict
221870,hsa-miR-106b-5p,EHD3,Homo sapiens,RNAInter,miRNA-mRNA,strict
221912,hsa-miR-106b-5p,EML1,Homo sapiens,miRWalk,miRNA-mRNA,strict
221915,hsa-miR-106b-5p,ENAH,Homo sapiens,RNAInter,miRNA-mRNA,strict
221981,hsa-miR-106b-5p,EXPH5,Homo sapiens,RNAInter,miRNA-mRNA,strict
221991,hsa-miR-106b-5p,F2RL3,Homo sapiens,RNAInter;miRTarBase_9.0,miRNA-mRNA,strict
222052,hsa-miR-106b-5p,FANCD2,Homo sapiens,RNAInter,miRNA-mRNA,strict
222060,hsa-miR-106b-5p,FAT4,Homo sapiens,miRDB_6.0;RNAInter,miRNA-mRNA,strict
222092,hsa-miR-106b-5p,FCMR,Homo sapiens,RNAInter,miRNA-mRNA,strict
222110,hsa-miR-106b-5p,FGGY,Homo sapiens,miRWalk,miRNA-mRNA,strict
222112,hsa-miR-106b-5p,FHDC1,Homo sapiens,RNAInter;miRTarBase_9.0,miRNA-mRNA,strict
222205,hsa-miR-106b-5p,GABRE,Homo sapiens,RNAInter,miRNA-mRNA,strict
222246,hsa-miR-106b-5p,GIGYF1,Homo sapiens,RNAInter;miRTarBase_9.0,miRNA-mRNA,strict
222276,hsa-miR-106b-5p,GNB5,Homo sapiens,miRDB_6.0;RNAInter;miRTarBase_9.0,miRNA-mRNA,strict
222305,hsa-miR-106b-5p,GPR137,Homo sapiens,miRWalk,miRNA-mRNA,strict
222340,hsa-miR-106b-5p,GRN,Homo sapiens,RNAInter,miRNA-mRNA,strict
222363,hsa-miR-106b-5p,GULP1,Homo sapiens,RNAInter,miRNA-mRNA,strict
222396,hsa-miR-106b-5p,HELZ2,Homo sapiens,RNAInter,miRNA-mRNA,strict
222402,hsa-miR-106b-5p,HEY1,Homo sapiens,RNAInter,miRNA-mRNA,strict
222425,hsa-miR-106b-5p,HLF,Homo sapiens,miRDB_6.0,miRNA-mRNA,strict
222431,hsa-miR-106b-5p,HMGB3,Homo sapiens,RNAInter;miRTarBase_9.0,miRNA-mRNA,strict
222436,hsa-miR-106b-5p,HMMR,Homo sapiens,RNAInter;miRTarBase_9.0,miRNA-mRNA,strict
222499,hsa-miR-106b-5p,IER3IP1,Homo sapiens,RNAInter,miRNA-mRNA,strict
222513,hsa-miR-106b-5p,IGF1,Homo sapiens,miRWalk,miRNA-mRNA,strict
222520,hsa-miR-106b-5p,IKBIP,Homo sapiens,RNAInter,miRNA-mRNA,strict
222586,hsa-miR-106b-5p,ITGA1,Homo sapiens,RNAInter,miRNA-mRNA,strict
222587,hsa-miR-106b-5p,ITGA2,Homo sapiens,RNAInter;miRTarBase_9.0,miRNA-mRNA,strict
222588,hsa-miR-106b-5p,ITGA4,Homo sapiens,miRDB_6.0;RNAInter,miRNA-mRNA,strict
222594,hsa-miR-106b-5p,ITPR1,Homo sapiens,RNAInter,miRNA-mRNA,strict
222664,hsa-miR-106b-5p,KDR,Homo sapiens,miRTarBase_9.0,miRNA-mRNA,strict
222689,hsa-miR-106b-5p,KIF14,Homo sapiens,RNAInter,miRNA-mRNA,strict
222693,hsa-miR-106b-5p,KIF21A,Homo sapiens,RNAInter,miRNA-mRNA,strict
222746,hsa-miR-106b-5p,KRT10,Homo sapiens,RNAInter;miRTarBase_9.0,miRNA-mRNA,strict
222788,hsa-miR-106b-5p,LDLRAP1,Homo sapiens,miRDB_6.0;RNAInter,miRNA-mRNA,strict
222798,hsa-miR-106b-5p,LHFPL2,Homo sapiens,RNAInter,miRNA-mRNA,strict
222806,hsa-miR-106b-5p,LILRB1,Homo sapiens,miRWalk,miRNA-mRNA,strict
222807,hsa-miR-106b-5p,LILRB2,Homo sapiens,miRWalk,miRNA-mRNA,strict
222808,hsa-miR-106b-5p,LIMA1,Homo sapiens,miRDB_6.0;miRWalk;RNAInter;miRTarBase_9.0,miRNA-mRNA,strict
222809,hsa-miR-106b-5p,LIMCH1,Homo sapiens,RNAInter,miRNA-mRNA,strict
222812,hsa-miR-106b-5p,LIMS1,Homo sapiens,RNAInter,miRNA-mRNA,strict
222840,hsa-miR-106b-5p,LMLN,Homo sapiens,RNAInter,miRNA-mRNA,strict
222843,hsa-miR-106b-5p,LMO7,Homo sapiens,RNAInter;miRWalk,miRNA-mRNA,strict
222924,hsa-miR-106b-5p,MADD,Homo sapiens,RNAInter,miRNA-mRNA,strict
222928,hsa-miR-106b-5p,MAGI2,Homo sapiens,miRWalk,miRNA-mRNA,strict
222931,hsa-miR-106b-5p,MALAT1,Homo sapiens,RNAInter;ENCORI,miRNA-lncRNA,strict
222935,hsa-miR-106b-5p,MAN1A2,Homo sapiens,RNAInter,miRNA-mRNA,strict
223008,hsa-miR-106b-5p,MCC,Homo sapiens,RNAInter;miRTarBase_9.0,miRNA-mRNA,strict
223026,hsa-miR-106b-5p,MECOM,Homo sapiens,miRWalk,miRNA-mRNA,strict
223042,hsa-miR-106b-5p,MELK,Homo sapiens,RNAInter;miRTarBase_9.0,miRNA-mRNA,strict
223043,hsa-miR-106b-5p,MET,Homo sapiens,RNAInter,miRNA-mRNA,strict
223056,hsa-miR-106b-5p,MFAP3L,Homo sapiens,miRDB_6.0;RNAInter,miRNA-mRNA,strict
223065,hsa-miR-106b-5p,MFSD2A,Homo sapiens,RNAInter;miRTarBase_9.0,miRNA-mRNA,strict
223133,hsa-miR-106b-5p,MPDZ,Homo sapiens,RNAInter,miRNA-mRNA,strict
223198,hsa-miR-106b-5p,MYB,Homo sapiens,RNAInter,miRNA-mRNA,strict
223201,hsa-miR-106b-5p,MYCL,Homo sapiens,RNAInter,miRNA-mRNA,strict
223203,hsa-miR-106b-5p,MYH9,Homo sapiens,RNAInter;miRTarBase_9.0,miRNA-mRNA,strict
223243,hsa-miR-106b-5p,NAV2,Homo sapiens,RNAInter,miRNA-mRNA,strict
223244,hsa-miR-106b-5p,NAV3,Homo sapiens,RNAInter;miRWalk,miRNA-mRNA,strict
223269,hsa-miR-106b-5p,NDRG2,Homo sapiens,miRWalk,miRNA-mRNA,strict
223276,hsa-miR-106b-5p,NEAT1,Homo sapiens,RNAInter;ENCORI,miRNA-lncRNA,strict
223323,hsa-miR-106b-5p,NKTR,Homo sapiens,miRWalk,miRNA-mRNA,strict
223340,hsa-miR-106b-5p,NOS1,Homo sapiens,miRWalk,miRNA-mRNA,strict
223342,hsa-miR-106b-5p,NOTCH2,Homo sapiens,RNAInter,miRNA-mRNA,strict
223399,hsa-miR-106b-5p,NUP210,Homo sapiens,RNAInter,miRNA-mRNA,strict
223405,hsa-miR-106b-5p,NUSAP1,Homo sapiens,RNAInter,miRNA-mRNA,strict
223419,hsa-miR-106b-5p,OGT,Homo sapiens,RNAInter,miRNA-mRNA,strict
223486,hsa-miR-106b-5p,PAG1,Homo sapiens,miRDB_6.0,miRNA-mRNA,strict
223495,hsa-miR-106b-5p,PALLD,Homo sapiens,RNAInter,miRNA-mRNA,strict
223500,hsa-miR-106b-5p,PANX1,Homo sapiens,RNAInter,miRNA-mRNA,strict
223518,hsa-miR-106b-5p,PARPBP,Homo sapiens,RNAInter,miRNA-mRNA,strict
223556,hsa-miR-106b-5p,PCLAF,Homo sapiens,RNAInter;miRTarBase_9.0,miRNA-mRNA,strict
223568,hsa-miR-106b-5p,PDE10A,Homo sapiens,miRWalk,miRNA-mRNA,strict
223704,hsa-miR-106b-5p,PLSCR4,Homo sapiens,RNAInter,miRNA-mRNA,strict
223725,hsa-miR-106b-5p,POGLUT3,Homo sapiens,miRWalk,miRNA-mRNA,strict
223740,hsa-miR-106b-5p,POLR3G,Homo sapiens,miRDB_6.0;RNAInter;miRTarBase_9.0,miRNA-mRNA,strict
223752,hsa-miR-106b-5p,POU2F2,Homo sapiens,RNAInter,miRNA-mRNA,strict
223831,hsa-miR-106b-5p,PRKAR2B,Homo sapiens,RNAInter,miRNA-mRNA,strict
223855,hsa-miR-106b-5p,PRSS23,Homo sapiens,RNAInter,miRNA-mRNA,strict
223885,hsa-miR-106b-5p,PTGIS,Homo sapiens,RNAInter;miRTarBase_9.0,miRNA-mRNA,strict
223898,hsa-miR-106b-5p,PTPN13,Homo sapiens,RNAInter,miRNA-mRNA,strict
223900,hsa-miR-106b-5p,PTPN21,Homo sapiens,miRDB_6.0;RNAInter,miRNA-mRNA,strict
223907,hsa-miR-106b-5p,PTPRJ,Homo sapiens,RNAInter,miRNA-mRNA,strict
223908,hsa-miR-106b-5p,PTPRM,Homo sapiens,miRWalk,miRNA-mRNA,strict
223925,hsa-miR-106b-5p,PYCR2,Homo sapiens,miRWalk,miRNA-mRNA,strict
223926,hsa-miR-106b-5p,PYGB,Homo sapiens,RNAInter,miRNA-mRNA,strict
223980,hsa-miR-106b-5p,RANBP17,Homo sapiens,RNAInter,miRNA-mRNA,strict
223990,hsa-miR-106b-5p,RAPGEF4,Homo sapiens,RNAInter;miRTarBase_9.0,miRNA-mRNA,strict
224010,hsa-miR-106b-5p,RBFOX2,Homo sapiens,RNAInter,miRNA-mRNA,strict
224046,hsa-miR-106b-5p,RELL1,Homo sapiens,RNAInter,miRNA-mRNA,strict
224047,hsa-miR-106b-5p,REPIN1,Homo sapiens,RNAInter,miRNA-mRNA,strict
224083,hsa-miR-106b-5p,RHOJ,Homo sapiens,miRWalk,miRNA-mRNA,strict
224114,hsa-miR-106b-5p,RNF152,Homo sapiens,miRWalk,miRNA-mRNA,strict
224182,hsa-miR-106b-5p,RRAGD,Homo sapiens,miRDB_6.0;RNAInter;miRTarBase_9.0,miRNA-mRNA,strict
224185,hsa-miR-106b-5p,RRM2,Homo sapiens,miRDB_6.0;RNAInter;miRTarBase_9.0,miRNA-mRNA,strict
224191,hsa-miR-106b-5p,RSRP1,Homo sapiens,miRDB_6.0;RNAInter;miRTarBase_9.0,miRNA-mRNA,strict
224205,hsa-miR-106b-5p,RUNX1T1,Homo sapiens,RNAInter;miRWalk;miRTarBase_9.0,miRNA-mRNA,strict
224277,hsa-miR-106b-5p,SELENOK,Homo sapiens,RNAInter,miRNA-mRNA,strict
224280,hsa-miR-106b-5p,SEMA3D,Homo sapiens,RNAInter,miRNA-mRNA,strict
224335,hsa-miR-106b-5p,SGSM2,Homo sapiens,RNAInter,miRNA-mRNA,strict
224352,hsa-miR-106b-5p,SHANK2,Homo sapiens,RNAInter,miRNA-mRNA,strict
224407,hsa-miR-106b-5p,SLC25A25,Homo sapiens,miRWalk,miRNA-mRNA,strict
224473,hsa-miR-106b-5p,SLC9A6,Homo sapiens,RNAInter;miRWalk,miRNA-mRNA,strict
224493,hsa-miR-106b-5p,SMAD6,Homo sapiens,RNAInter;miRTarBase_9.0,miRNA-mRNA,strict
224552,hsa-miR-106b-5p,SOCS6,Homo sapiens,miRDB_6.0;RNAInter,miRNA-mRNA,strict
224558,hsa-miR-106b-5p,SORBS2,Homo sapiens,miRWalk,miRNA-mRNA,strict
224585,hsa-miR-106b-5p,SPATA7,Homo sapiens,RNAInter,miRNA-mRNA,strict
224610,hsa-miR-106b-5p,SPRYD7,Homo sapiens,RNAInter,miRNA-mRNA,strict
224709,hsa-miR-106b-5p,SUN2,Homo sapiens,miRWalk,miRNA-mRNA,strict
224741,hsa-miR-106b-5p,TACC2,Homo sapiens,RNAInter,miRNA-mRNA,strict
224766,hsa-miR-106b-5p,TATDN1,Homo sapiens,RNAInter,miRNA-mRNA,strict
224788,hsa-miR-106b-5p,TBXA2R,Homo sapiens,miRWalk,miRNA-mRNA,strict
224802,hsa-miR-106b-5p,TCIRG1,Homo sapiens,RNAInter,miRNA-mRNA,strict
224832,hsa-miR-106b-5p,TGOLN2,Homo sapiens,RNAInter;miRTarBase_9.0,miRNA-mRNA,strict
224838,hsa-miR-106b-5p,THBS1,Homo sapiens,RNAInter,miRNA-mRNA,strict
224864,hsa-miR-106b-5p,TIPIN,Homo sapiens,RNAInter,miRNA-mRNA,strict
224872,hsa-miR-106b-5p,TLR2,Homo sapiens,RNAInter;miRTarBase_9.0,miRNA-mRNA,strict
224874,hsa-miR-106b-5p,TLR8,Homo sapiens,miRWalk,miRNA-mRNA,strict
224954,hsa-miR-106b-5p,TNFRSF1B,Homo sapiens,RNAInter,miRNA-mRNA,strict
225010,hsa-miR-106b-5p,TRIM13,Homo sapiens,miRWalk,miRNA-mRNA,strict
225011,hsa-miR-106b-5p,TRIM2,Homo sapiens,miRWalk,miRNA-mRNA,strict
225068,hsa-miR-106b-5p,TTC9,Homo sapiens,RNAInter;miRTarBase_9.0,miRNA-mRNA,strict
225105,hsa-miR-106b-5p,UACA,Homo sapiens,RNAInter,miRNA-mRNA,strict
225194,hsa-miR-106b-5p,USP53,Homo sapiens,RNAInter,miRNA-mRNA,strict
225218,hsa-miR-106b-5p,VCL,Homo sapiens,RNAInter,miRNA-mRNA,strict
225296,hsa-miR-106b-5p,XIST,Homo sapiens,RNAInter;ENCORI,miRNA-lncRNA,strict
225325,hsa-miR-106b-5p,ZAP70,Homo sapiens,miRWalk,miRNA-mRNA,strict
225568,hsa-miR-106b-5p,ZSCAN12,Homo sapiens,RNAInter,miRNA-mRNA,strict
580909,hsa-miR-125a-3p,ABCA7,Homo sapiens,miRWalk,miRNA-mRNA,strict
580948,hsa-miR-125a-3p,ACP5,Homo sapiens,miRWalk,miRNA-mRNA,strict
580969,hsa-miR-125a-3p,ADA2,Homo sapiens,miRWalk,miRNA-mRNA,strict
580976,hsa-miR-125a-3p,ADAM32,Homo sapiens,miRWalk,miRNA-mRNA,strict
580979,hsa-miR-125a-3p,ADAMTS9,Homo sapiens,miRWalk,miRNA-mRNA,strict
580989,hsa-miR-125a-3p,ADGRA3,Homo sapiens,miRWalk,miRNA-mRNA,strict
580992,hsa-miR-125a-3p,ADGRE5,Homo sapiens,miRWalk,miRNA-mRNA,strict
581012,hsa-miR-125a-3p,AFF2,Homo sapiens,RNAInter;miRWalk,miRNA-mRNA,strict
581032,hsa-miR-125a-3p,AHNAK2,Homo sapiens,miRWalk,miRNA-mRNA,strict
581056,hsa-miR-125a-3p,ALDH1A2,Homo sapiens,miRWalk,miRNA-mRNA,strict
581105,hsa-miR-125a-3p,ANKRD42,Homo sapiens,miRWalk,miRNA-mRNA,strict
581112,hsa-miR-125a-3p,ANLN,Homo sapiens,miRWalk,miRNA-mRNA,strict
581136,hsa-miR-125a-3p,APLP2,Homo sapiens,RNAInter,miRNA-mRNA,strict
581163,hsa-miR-125a-3p,ARHGAP11A,Homo sapiens,miRWalk,miRNA-mRNA,strict
581169,hsa-miR-125a-3p,ARHGAP27,Homo sapiens,miRWalk,miRNA-mRNA,strict
581170,hsa-miR-125a-3p,ARHGAP42,Homo sapiens,miRWalk,miRNA-mRNA,strict
581171,hsa-miR-125a-3p,ARHGAP45,Homo sapiens,miRWalk,miRNA-mRNA,strict
581175,hsa-miR-125a-3p,ARHGEF28,Homo sapiens,miRWalk,miRNA-mRNA,strict
581235,hsa-miR-125a-3p,ASRGL1,Homo sapiens,miRWalk,miRNA-mRNA,strict
581254,hsa-miR-125a-3p,ATP11A,Homo sapiens,miRWalk,miRNA-mRNA,strict
581301,hsa-miR-125a-3p,B3GNT5,Homo sapiens,miRWalk,miRNA-mRNA,strict
581309,hsa-miR-125a-3p,BAHD1,Homo sapiens,RNAInter,miRNA-mRNA,strict
581390,hsa-miR-125a-3p,BRCA1,Homo sapiens,miRDB_6.0;miRWalk;RNAInter;miRTarBase_9.0,miRNA-mRNA,strict
581414,hsa-miR-125a-3p,BTNL9,Homo sapiens,miRWalk,miRNA-mRNA,strict
581512,hsa-miR-125a-3p,CABP1,Homo sapiens,miRWalk,miRNA-mRNA,strict
581526,hsa-miR-125a-3p,CALCRL,Homo sapiens,miRWalk,miRNA-mRNA,strict
581594,hsa-miR-125a-3p,CCDC171,Homo sapiens,miRWalk,miRNA-mRNA,strict
581606,hsa-miR-125a-3p,CCDC30,Homo sapiens,miRWalk,miRNA-mRNA,strict
581612,hsa-miR-125a-3p,CCDC80,Homo sapiens,miRWalk,miRNA-mRNA,strict
581635,hsa-miR-125a-3p,CCR4,Homo sapiens,RNAInter;miRTarBase_9.0,miRNA-mRNA,strict
581688,hsa-miR-125a-3p,CDK1,Homo sapiens,miRWalk,miRNA-mRNA,strict
581714,hsa-miR-125a-3p,CEBPZOS,Homo sapiens,miRWalk,miRNA-mRNA,strict
581722,hsa-miR-125a-3p,CENPF,Homo sapiens,RNAInter,miRNA-mRNA,strict
581723,hsa-miR-125a-3p,CENPI,Homo sapiens,miRWalk,miRNA-mRNA,strict
581727,hsa-miR-125a-3p,CEP112,Homo sapiens,miRWalk,miRNA-mRNA,strict
581756,hsa-miR-125a-3p,CFL2,Homo sapiens,RNAInter;miRTarBase_9.0,miRNA-mRNA,strict
581769,hsa-miR-125a-3p,CHEK1,Homo sapiens,miRWalk,miRNA-mRNA,strict
581770,hsa-miR-125a-3p,CHERP,Homo sapiens,RNAInter,miRNA-mRNA,strict
581815,hsa-miR-125a-3p,CLCN4,Homo sapiens,miRWalk,miRNA-mRNA,strict
581830,hsa-miR-125a-3p,CLEC5A,Homo sapiens,miRWalk,miRNA-mRNA,strict
581849,hsa-miR-125a-3p,CLUH,Homo sapiens,miRWalk,miRNA-mRNA,strict
581854,hsa-miR-125a-3p,CMIP,Homo sapiens,miRWalk,miRNA-mRNA,strict
581868,hsa-miR-125a-3p,CNN3,Homo sapiens,miRWalk,miRNA-mRNA,strict
581925,hsa-miR-125a-3p,CR1L,Homo sapiens,miRWalk,miRNA-mRNA,strict
582049,hsa-miR-125a-3p,DBF4B,Homo sapiens,RNAInter,miRNA-mRNA,strict
582074,hsa-miR-125a-3p,DDR2,Homo sapiens,miRWalk,miRNA-mRNA,strict
582097,hsa-miR-125a-3p,DENND1C,Homo sapiens,miRWalk,miRNA-mRNA,strict
582107,hsa-miR-125a-3p,DGKA,Homo sapiens,miRWalk,miRNA-mRNA,strict
582136,hsa-miR-125a-3p,DLGAP5,Homo sapiens,RNAInter,miRNA-mRNA,strict
582185,hsa-miR-125a-3p,DPP6,Homo sapiens,miRWalk,miRNA-mRNA,strict
582199,hsa-miR-125a-3p,DSN1,Homo sapiens,miRWalk,miRNA-mRNA,strict
582200,hsa-miR-125a-3p,DST,Homo sapiens,RNAInter;miRWalk,miRNA-mRNA,strict
582203,hsa-miR-125a-3p,DTL,Homo sapiens,miRWalk,miRNA-mRNA,strict
582204,hsa-miR-125a-3p,DTNA,Homo sapiens,miRWalk,miRNA-mRNA,strict
582311,hsa-miR-125a-3p,ENAH,Homo sapiens,RNAInter;miRTarBase_9.0,miRNA-mRNA,strict
582328,hsa-miR-125a-3p,EPB41L4A,Homo sapiens,miRWalk,miRNA-mRNA,strict
582341,hsa-miR-125a-3p,ERBB2,Homo sapiens,miRWalk,miRNA-mRNA,strict
582389,hsa-miR-125a-3p,F2RL3,Homo sapiens,RNAInter;miRTarBase_9.0,miRNA-mRNA,strict
582459,hsa-miR-125a-3p,FANCD2,Homo sapiens,RNAInter,miRNA-mRNA,strict
582464,hsa-miR-125a-3p,FARP1,Homo sapiens,miRWalk,miRNA-mRNA,strict
582466,hsa-miR-125a-3p,FAT4,Homo sapiens,miRWalk,miRNA-mRNA,strict
582496,hsa-miR-125a-3p,FERMT3,Homo sapiens,miRWalk,miRNA-mRNA,strict
582498,hsa-miR-125a-3p,FEZ1,Homo sapiens,miRWalk,miRNA-mRNA,strict
582505,hsa-miR-125a-3p,FGF12,Homo sapiens,miRWalk,miRNA-mRNA,strict
582513,hsa-miR-125a-3p,FGGY,Homo sapiens,miRWalk,miRNA-mRNA,strict
582528,hsa-miR-125a-3p,FLACC1,Homo sapiens,miRWalk,miRNA-mRNA,strict
582532,hsa-miR-125a-3p,FLNA,Homo sapiens,RNAInter;miRWalk,miRNA-mRNA,strict
582579,hsa-miR-125a-3p,FZD5,Homo sapiens,miRWalk,miRNA-mRNA,strict
582618,hsa-miR-125a-3p,GAS2L3,Homo sapiens,miRWalk,miRNA-mRNA,strict
582690,hsa-miR-125a-3p,GNB5,Homo sapiens,miRWalk,miRNA-mRNA,strict
582712,hsa-miR-125a-3p,GORASP1,Homo sapiens,RNAInter,miRNA-mRNA,strict
582751,hsa-miR-125a-3p,GPRASP1,Homo sapiens,miRWalk,miRNA-mRNA,strict
582802,hsa-miR-125a-3p,GULP1,Homo sapiens,miRWalk,miRNA-mRNA,strict
582819,hsa-miR-125a-3p,HBA2,Homo sapiens,miRWalk,miRNA-mRNA,strict
582871,hsa-miR-125a-3p,HLA-E,Homo sapiens,RNAInter,miRNA-mRNA,strict
582873,hsa-miR-125a-3p,HLF,Homo sapiens,miRWalk,miRNA-mRNA,strict
582902,hsa-miR-125a-3p,HOPX,Homo sapiens,miRWalk,miRNA-mRNA,strict
582926,hsa-miR-125a-3p,HSH2D,Homo sapiens,miRWalk,miRNA-mRNA,strict
582958,hsa-miR-125a-3p,IFIT1B,Homo sapiens,miRWalk,miRNA-mRNA,strict
582983,hsa-miR-125a-3p,IKBIP,Homo sapiens,RNAInter;miRWalk,miRNA-mRNA,strict
582994,hsa-miR-125a-3p,IL18,Homo sapiens,miRWalk,miRNA-mRNA,strict
582999,hsa-miR-125a-3p,IL1R1,Homo sapiens,miRWalk,miRNA-mRNA,strict
583008,hsa-miR-125a-3p,IL33,Homo sapiens,RNAInter,miRNA-mRNA,strict
583023,hsa-miR-125a-3p,INHBA,Homo sapiens,miRWalk,miRNA-mRNA,strict
583058,hsa-miR-125a-3p,IRF7,Homo sapiens,miRWalk,miRNA-mRNA,strict
583064,hsa-miR-125a-3p,ITGAL,Homo sapiens,RNAInter;miRTarBase_9.0,miRNA-mRNA,strict
583072,hsa-miR-125a-3p,ITPR1,Homo sapiens,RNAInter;miRWalk,miRNA-mRNA,strict
583083,hsa-miR-125a-3p,JAKMIP2,Homo sapiens,miRWalk,miRNA-mRNA,strict
583134,hsa-miR-125a-3p,KCNN3,Homo sapiens,RNAInter;miRTarBase_9.0,miRNA-mRNA,strict
583153,hsa-miR-125a-3p,KDR,Homo sapiens,miRWalk,miRNA-mRNA,strict
583163,hsa-miR-125a-3p,KIAA1217,Homo sapiens,miRWalk,miRNA-mRNA,strict
583171,hsa-miR-125a-3p,KIF14,Homo sapiens,miRWalk,miRNA-mRNA,strict
583189,hsa-miR-125a-3p,KLF5,Homo sapiens,miRWalk,miRNA-mRNA,strict
583226,hsa-miR-125a-3p,KRT19,Homo sapiens,miRWalk,miRNA-mRNA,strict
583251,hsa-miR-125a-3p,LAMB1,Homo sapiens,RNAInter,miRNA-mRNA,strict
583287,hsa-miR-125a-3p,LENG8,Homo sapiens,RNAInter;miRWalk,miRNA-mRNA,strict
583292,hsa-miR-125a-3p,LFNG,Homo sapiens,miRTarBase_9.0,miRNA-mRNA,strict
583299,hsa-miR-125a-3p,LHFPL2,Homo sapiens,RNAInter,miRNA-mRNA,strict
583304,hsa-miR-125a-3p,LIFR,Homo sapiens,miRWalk,miRNA-mRNA,strict
583310,hsa-miR-125a-3p,LIMS1,Homo sapiens,miRWalk,miRNA-mRNA,strict
583317,hsa-miR-125a-3p,LINGO1,Homo sapiens,miRWalk,miRNA-mRNA,strict
583331,hsa-miR-125a-3p,LMO7,Homo sapiens,miRWalk,miRNA-mRNA,strict
583370,hsa-miR-125a-3p,LRRC25,Homo sapiens,miRWalk,miRNA-mRNA,strict
583436,hsa-miR-125a-3p,MAGI1,Homo sapiens,miRWalk,miRNA-mRNA,strict
583437,hsa-miR-125a-3p,MAGI2,Homo sapiens,miRWalk,miRNA-mRNA,strict
583446,hsa-miR-125a-3p,MAN1A2,Homo sapiens,RNAInter;miRWalk,miRNA-mRNA,strict
583474,hsa-miR-125a-3p,MAPK8IP3,Homo sapiens,RNAInter,miRNA-mRNA,strict
583513,hsa-miR-125a-3p,MCM8,Homo sapiens,miRWalk,miRNA-mRNA,strict
583528,hsa-miR-125a-3p,MECOM,Homo sapiens,RNAInter,miRNA-mRNA,strict
583541,hsa-miR-125a-3p,MEIS2,Homo sapiens,miRWalk,miRNA-mRNA,strict
583542,hsa-miR-125a-3p,MELK,Homo sapiens,RNAInter;miRTarBase_9.0,miRNA-mRNA,strict
583560,hsa-miR-125a-3p,MFSD2A,Homo sapiens,RNAInter;miRTarBase_9.0,miRNA-mRNA,strict
583568,hsa-miR-125a-3p,MGST1,Homo sapiens,RNAInter;miRWalk,miRNA-mRNA,strict
583600,hsa-miR-125a-3p,MMP8,Homo sapiens,miRWalk,miRNA-mRNA,strict
583618,hsa-miR-125a-3p,MPEG1,Homo sapiens,RNAInter;miRTarBase_9.0,miRNA-mRNA,strict
583640,hsa-miR-125a-3p,MS4A3,Homo sapiens,miRWalk,miRNA-mRNA,strict
583709,hsa-miR-125a-3p,MYRIP,Homo sapiens,miRWalk,miRNA-mRNA,strict
583741,hsa-miR-125a-3p,NAV3,Homo sapiens,miRWalk,miRNA-mRNA,strict
583772,hsa-miR-125a-3p,NDRG2,Homo sapiens,miRWalk,miRNA-mRNA,strict
583773,hsa-miR-125a-3p,NDRG4,Homo sapiens,miRWalk,miRNA-mRNA,strict
583826,hsa-miR-125a-3p,NIBAN3,Homo sapiens,miRWalk,miRNA-mRNA,strict
583900,hsa-miR-125a-3p,NR2F1,Homo sapiens,miRWalk,miRNA-mRNA,strict
583919,hsa-miR-125a-3p,NSMCE2,Homo sapiens,miRWalk,miRNA-mRNA,strict
583920,hsa-miR-125a-3p,NSRP1,Homo sapiens,miRWalk,miRNA-mRNA,strict
583943,hsa-miR-125a-3p,NUF2,Homo sapiens,miRWalk,miRNA-mRNA,strict
584060,hsa-miR-125a-3p,P2RY1,Homo sapiens,miRWalk,miRNA-mRNA,strict
584076,hsa-miR-125a-3p,PAG1,Homo sapiens,RNAInter;miRTarBase_9.0,miRNA-mRNA,strict
584084,hsa-miR-125a-3p,PALB2,Homo sapiens,miRWalk,miRNA-mRNA,strict
584085,hsa-miR-125a-3p,PALLD,Homo sapiens,RNAInter;miRWalk,miRNA-mRNA,strict
584087,hsa-miR-125a-3p,PALMD,Homo sapiens,miRWalk,miRNA-mRNA,strict
584129,hsa-miR-125a-3p,PCDH9,Homo sapiens,RNAInter,miRNA-mRNA,strict
584147,hsa-miR-125a-3p,PCSK6,Homo sapiens,RNAInter,miRNA-mRNA,strict
584152,hsa-miR-125a-3p,PDE10A,Homo sapiens,miRWalk,miRNA-mRNA,strict
584162,hsa-miR-125a-3p,PDE6A,Homo sapiens,RNAInter;miRTarBase_9.0,miRNA-mRNA,strict
584194,hsa-miR-125a-3p,PFDN4,Homo sapiens,RNAInter,miRNA-mRNA,strict
584230,hsa-miR-125a-3p,PHLDB1,Homo sapiens,miRWalk,miRNA-mRNA,strict
584246,hsa-miR-125a-3p,PIGS,Homo sapiens,RNAInter;miRTarBase_9.0,miRNA-mRNA,strict
584264,hsa-miR-125a-3p,PITPNM2,Homo sapiens,miRWalk,miRNA-mRNA,strict
584292,hsa-miR-125a-3p,PLEC,Homo sapiens,miRWalk,miRNA-mRNA,strict
584309,hsa-miR-125a-3p,PLPP1,Homo sapiens,miRWalk,miRNA-mRNA,strict
584340,hsa-miR-125a-3p,POGLUT3,Homo sapiens,miRWalk,miRNA-mRNA,strict
584384,hsa-miR-125a-3p,PPM1H,Homo sapiens,RNAInter;miRTarBase_9.0,miRNA-mRNA,strict
584472,hsa-miR-125a-3p,PRSS23,Homo sapiens,miRWalk,miRNA-mRNA,strict
584491,hsa-miR-125a-3p,PSMG3,Homo sapiens,miRWalk,miRNA-mRNA,strict
584517,hsa-miR-125a-3p,PTPN21,Homo sapiens,miRWalk,miRNA-mRNA,strict
584537,hsa-miR-125a-3p,PYCR2,Homo sapiens,miRWalk,miRNA-mRNA,strict
584545,hsa-miR-125a-3p,RAB13,Homo sapiens,miRWalk,miRNA-mRNA,strict
584586,hsa-miR-125a-3p,RANBP17,Homo sapiens,miRWalk,miRNA-mRNA,strict
584607,hsa-miR-125a-3p,RASSF8,Homo sapiens,miRWalk,miRNA-mRNA,strict
584678,hsa-miR-125a-3p,RHBDF2,Homo sapiens,RNAInter,miRNA-mRNA,strict
584684,hsa-miR-125a-3p,RHOJ,Homo sapiens,miRWalk,miRNA-mRNA,strict
584809,hsa-miR-125a-3p,RUBCNL,Homo sapiens,miRWalk,miRNA-mRNA,strict
584893,hsa-miR-125a-3p,SELENBP1,Homo sapiens,miRWalk,miRNA-mRNA,strict
584956,hsa-miR-125a-3p,SH3TC1,Homo sapiens,miRWalk,miRNA-mRNA,strict
584967,hsa-miR-125a-3p,SHMT1,Homo sapiens,miRWalk,miRNA-mRNA,strict
584995,hsa-miR-125a-3p,SLA2,Homo sapiens,miRWalk,miRNA-mRNA,strict
585012,hsa-miR-125a-3p,SLC16A7,Homo sapiens,miRWalk,miRNA-mRNA,strict
585028,hsa-miR-125a-3p,SLC24A4,Homo sapiens,miRWalk,miRNA-mRNA,strict
585030,hsa-miR-125a-3p,SLC25A22,Homo sapiens,miRWalk,miRNA-mRNA,strict
585063,hsa-miR-125a-3p,SLC35E2B,Homo sapiens,miRWalk,miRNA-mRNA,strict
585097,hsa-miR-125a-3p,SLC9A6,Homo sapiens,miRWalk,miRNA-mRNA,strict
585119,hsa-miR-125a-3p,SMAD6,Homo sapiens,miRWalk,miRNA-mRNA,strict
585121,hsa-miR-125a-3p,SMARCA1,Homo sapiens,RNAInter;miRWalk,miRNA-mRNA,strict
585189,hsa-miR-125a-3p,SOCS6,Homo sapiens,miRWalk,miRNA-mRNA,strict
585192,hsa-miR-125a-3p,SORBS2,Homo sapiens,miRWalk,miRNA-mRNA,strict
585312,hsa-miR-125a-3p,STIM1,Homo sapiens,miRWalk,miRNA-mRNA,strict
585328,hsa-miR-125a-3p,STOX2,Homo sapiens,miRWalk,miRNA-mRNA,strict
585347,hsa-miR-125a-3p,SUN2,Homo sapiens,miRWalk,miRNA-mRNA,strict
585385,hsa-miR-125a-3p,TACC2,Homo sapiens,miRWalk,miRNA-mRNA,strict
585419,hsa-miR-125a-3p,TBCA,Homo sapiens,miRWalk,miRNA-mRNA,strict
585433,hsa-miR-125a-3p,TCEAL4,Homo sapiens,miRWalk,miRNA-mRNA,strict
585451,hsa-miR-125a-3p,TEAD2,Homo sapiens,miRWalk,miRNA-mRNA,strict
585455,hsa-miR-125a-3p,TEK,Homo sapiens,miRWalk,miRNA-mRNA,strict
585474,hsa-miR-125a-3p,TGFB1,Homo sapiens,miRWalk,miRNA-mRNA,strict
585484,hsa-miR-125a-3p,THBS1,Homo sapiens,RNAInter;miRTarBase_9.0,miRNA-mRNA,strict
585515,hsa-miR-125a-3p,TLCD4,Homo sapiens,miRWalk,miRNA-mRNA,strict
585520,hsa-miR-125a-3p,TLL1,Homo sapiens,miRWalk,miRNA-mRNA,strict
585524,hsa-miR-125a-3p,TLR2,Homo sapiens,miRWalk,miRNA-mRNA,strict
585525,hsa-miR-125a-3p,TLR5,Homo sapiens,miRWalk,miRNA-mRNA,strict
585600,hsa-miR-125a-3p,TMEM63A,Homo sapiens,miRWalk,miRNA-mRNA,strict
585614,hsa-miR-125a-3p,TMOD1,Homo sapiens,miRWalk,miRNA-mRNA,strict
585635,hsa-miR-125a-3p,TNFSF14,Homo sapiens,miRWalk,miRNA-mRNA,strict
585652,hsa-miR-125a-3p,TOP2A,Homo sapiens,miRWalk,miRNA-mRNA,strict
585679,hsa-miR-125a-3p,TREML1,Homo sapiens,miRWalk,miRNA-mRNA,strict
585681,hsa-miR-125a-3p,TRIM13,Homo sapiens,miRWalk,miRNA-mRNA,strict
585683,hsa-miR-125a-3p,TRIM2,Homo sapiens,miRWalk,miRNA-mRNA,strict
585775,hsa-miR-125a-3p,UACA,Homo sapiens,miRWalk,miRNA-mRNA,strict
585834,hsa-miR-125a-3p,USP53,Homo sapiens,miRWalk,miRNA-mRNA,strict
585849,hsa-miR-125a-3p,VCAN,Homo sapiens,miRWalk,miRNA-mRNA,strict
585900,hsa-miR-125a-3p,WDPCP,Homo sapiens,miRWalk,miRNA-mRNA,strict
585974,hsa-miR-125a-3p,ZAN,Homo sapiens,miRWalk,miRNA-mRNA,strict
586067,hsa-miR-125a-3p,ZNF185,Homo sapiens,miRWalk,miRNA-mRNA,strict
586087,hsa-miR-125a-3p,ZNF257,Homo sapiens,RNAInter,miRNA-mRNA,strict
586156,hsa-miR-125a-3p,ZNF521,Homo sapiens,miRWalk,miRNA-mRNA,strict
586170,hsa-miR-125a-3p,ZNF568,Homo sapiens,miRWalk,miRNA-mRNA,strict
586177,hsa-miR-125a-3p,ZNF583,Homo sapiens,miRWalk,miRNA-mRNA,strict
586265,hsa-miR-125a-3p,ZSCAN12,Homo sapiens,miRWalk,miRNA-mRNA,strict
594798,hsa-miR-125b-2-3p,ACP5,Homo sapiens,miRWalk,miRNA-mRNA,strict
594809,hsa-miR-125b-2-3p,ADA2,Homo sapiens,miRWalk,miRNA-mRNA,strict
594812,hsa-miR-125b-2-3p,ADAMTS1,Homo sapiens,miRWalk,miRNA-mRNA,strict
594820,hsa-miR-125b-2-3p,ADGRE2,Homo sapiens,miRWalk,miRNA-mRNA,strict
594826,hsa-miR-125b-2-3p,ADGRL3,Homo sapiens,miRWalk,miRNA-mRNA,strict
594840,hsa-miR-125b-2-3p,AHSP,Homo sapiens,miRWalk,miRNA-mRNA,strict
594852,hsa-miR-125b-2-3p,ALDH1A2,Homo sapiens,miRWalk,miRNA-mRNA,strict
594881,hsa-miR-125b-2-3p,ANKRD42,Homo sapiens,miRWalk,miRNA-mRNA,strict
594895,hsa-miR-125b-2-3p,AP1G2,Homo sapiens,miRWalk,miRNA-mRNA,strict
594972,hsa-miR-125b-2-3p,B3GNT5,Homo sapiens,miRWalk,miRNA-mRNA,strict
595073,hsa-miR-125b-2-3p,CABP1,Homo sapiens,miRWalk,miRNA-mRNA,strict
595085,hsa-miR-125b-2-3p,CALCRL,Homo sapiens,miRWalk,miRNA-mRNA,strict
595101,hsa-miR-125b-2-3p,CARD11,Homo sapiens,miRWalk,miRNA-mRNA,strict
595114,hsa-miR-125b-2-3p,CCDC112,Homo sapiens,miRWalk,miRNA-mRNA,strict
595115,hsa-miR-125b-2-3p,CCDC126,Homo sapiens,miRWalk,miRNA-mRNA,strict
595142,hsa-miR-125b-2-3p,CD14,Homo sapiens,miRWalk,miRNA-mRNA,strict
595181,hsa-miR-125b-2-3p,CEP112,Homo sapiens,miRWalk,miRNA-mRNA,strict
595190,hsa-miR-125b-2-3p,CFP,Homo sapiens,miRWalk,miRNA-mRNA,strict
595193,hsa-miR-125b-2-3p,CHEK1,Homo sapiens,miRWalk,miRNA-mRNA,strict
595209,hsa-miR-125b-2-3p,CHST15,Homo sapiens,miRWalk,miRNA-mRNA,strict
595221,hsa-miR-125b-2-3p,CLDN5,Homo sapiens,miRWalk,miRNA-mRNA,strict
595243,hsa-miR-125b-2-3p,CNKSR3,Homo sapiens,miRWalk,miRNA-mRNA,strict
595350,hsa-miR-125b-2-3p,DDR2,Homo sapiens,miRWalk,miRNA-mRNA,strict
595366,hsa-miR-125b-2-3p,DGKA,Homo sapiens,miRWalk,miRNA-mRNA,strict
595420,hsa-miR-125b-2-3p,DST,Homo sapiens,miRWalk,miRNA-mRNA,strict
595421,hsa-miR-125b-2-3p,DTNA,Homo sapiens,miRWalk,miRNA-mRNA,strict
595457,hsa-miR-125b-2-3p,EHD3,Homo sapiens,miRWalk,miRNA-mRNA,strict
595514,hsa-miR-125b-2-3p,F8,Homo sapiens,miRWalk,miRNA-mRNA,strict
595581,hsa-miR-125b-2-3p,FGD2,Homo sapiens,miRWalk,miRNA-mRNA,strict
595629,hsa-miR-125b-2-3p,FZD5,Homo sapiens,miRWalk,miRNA-mRNA,strict
595705,hsa-miR-125b-2-3p,GORASP1,Homo sapiens,miRWalk,miRNA-mRNA,strict
595716,hsa-miR-125b-2-3p,GPR137,Homo sapiens,miRWalk,miRNA-mRNA,strict
595752,hsa-miR-125b-2-3p,GULP1,Homo sapiens,miRWalk,miRNA-mRNA,strict
595753,hsa-miR-125b-2-3p,GYPE,Homo sapiens,miRWalk,miRNA-mRNA,strict
595777,hsa-miR-125b-2-3p,HLF,Homo sapiens,miRWalk,miRNA-mRNA,strict
595785,hsa-miR-125b-2-3p,HMGXB4,Homo sapiens,miRWalk,miRNA-mRNA,strict
595796,hsa-miR-125b-2-3p,HOPX,Homo sapiens,miRWalk,miRNA-mRNA,strict
595809,hsa-miR-125b-2-3p,HSH2D,Homo sapiens,miRWalk,miRNA-mRNA,strict
595871,hsa-miR-125b-2-3p,INHBA,Homo sapiens,miRWalk,miRNA-mRNA,strict
595939,hsa-miR-125b-2-3p,KIAA1217,Homo sapiens,miRWalk,miRNA-mRNA,strict
595943,hsa-miR-125b-2-3p,KIF15,Homo sapiens,miRWalk,miRNA-mRNA,strict
595957,hsa-miR-125b-2-3p,KLF5,Homo sapiens,miRWalk,miRNA-mRNA,strict
595999,hsa-miR-125b-2-3p,LHFPL2,Homo sapiens,RNAInter;miRTarBase_9.0,miRNA-mRNA,strict
596007,hsa-miR-125b-2-3p,LIMA1,Homo sapiens,miRWalk,miRNA-mRNA,strict
596008,hsa-miR-125b-2-3p,LIMCH1,Homo sapiens,miRWalk,miRNA-mRNA,strict
596016,hsa-miR-125b-2-3p,LMF2,Homo sapiens,miRWalk,miRNA-mRNA,strict
596036,hsa-miR-125b-2-3p,LPAR5,Homo sapiens,miRDB_6.0,miRNA-mRNA,strict
596087,hsa-miR-125b-2-3p,MAGI2,Homo sapiens,miRWalk,miRNA-mRNA,strict
596091,hsa-miR-125b-2-3p,MAN1A2,Homo sapiens,miRWalk,miRNA-mRNA,strict
596092,hsa-miR-125b-2-3p,MAOA,Homo sapiens,miRWalk,miRNA-mRNA,strict
596139,hsa-miR-125b-2-3p,MEIS2,Homo sapiens,miRWalk,miRNA-mRNA,strict
596147,hsa-miR-125b-2-3p,MFAP3L,Homo sapiens,miRWalk,miRNA-mRNA,strict
596153,hsa-miR-125b-2-3p,MGST1,Homo sapiens,miRWalk,miRNA-mRNA,strict
596200,hsa-miR-125b-2-3p,MS4A3,Homo sapiens,miRWalk,miRNA-mRNA,strict
596256,hsa-miR-125b-2-3p,NDRG2,Homo sapiens,miRWalk,miRNA-mRNA,strict
596283,hsa-miR-125b-2-3p,NIBAN3,Homo sapiens,miRWalk,miRNA-mRNA,strict
596319,hsa-miR-125b-2-3p,NR2F1,Homo sapiens,miRWalk,miRNA-mRNA,strict
596399,hsa-miR-125b-2-3p,PAG1,Homo sapiens,miRWalk,miRNA-mRNA,strict
596403,hsa-miR-125b-2-3p,PALLD,Homo sapiens,miRWalk,miRNA-mRNA,strict
596404,hsa-miR-125b-2-3p,PALMD,Homo sapiens,miRWalk,miRNA-mRNA,strict
596433,hsa-miR-125b-2-3p,PCSK5,Homo sapiens,miRWalk,miRNA-mRNA,strict
596468,hsa-miR-125b-2-3p,PHLDB1,Homo sapiens,miRWalk,miRNA-mRNA,strict
596504,hsa-miR-125b-2-3p,PLEC,Homo sapiens,miRWalk,miRNA-mRNA,strict
596529,hsa-miR-125b-2-3p,POGLUT3,Homo sapiens,RNAInter;miRWalk,miRNA-mRNA,strict
596533,hsa-miR-125b-2-3p,POLR3G,Homo sapiens,miRWalk,miRNA-mRNA,strict
596609,hsa-miR-125b-2-3p,PSAP,Homo sapiens,miRDB_6.0,miRNA-mRNA,strict
596626,hsa-miR-125b-2-3p,PTPN13,Homo sapiens,miRWalk,miRNA-mRNA,strict
596701,hsa-miR-125b-2-3p,RELT,Homo sapiens,miRWalk,miRNA-mRNA,strict
596831,hsa-miR-125b-2-3p,SHANK2,Homo sapiens,miRWalk,miRNA-mRNA,strict
596882,hsa-miR-125b-2-3p,SLC41A2,Homo sapiens,miRWalk,miRNA-mRNA,strict
596911,hsa-miR-125b-2-3p,SMARCA1,Homo sapiens,miRWalk,miRNA-mRNA,strict
596942,hsa-miR-125b-2-3p,SORBS2,Homo sapiens,miRWalk,miRNA-mRNA,strict
597008,hsa-miR-125b-2-3p,STIM1,Homo sapiens,miRWalk,miRNA-mRNA,strict
597021,hsa-miR-125b-2-3p,SULF1,Homo sapiens,miRWalk,miRNA-mRNA,strict
597044,hsa-miR-125b-2-3p,TACC2,Homo sapiens,miRWalk,miRNA-mRNA,strict
597060,hsa-miR-125b-2-3p,TATDN1,Homo sapiens,miRWalk,miRNA-mRNA,strict
597075,hsa-miR-125b-2-3p,TCEAL4,Homo sapiens,miRWalk,miRNA-mRNA,strict
597078,hsa-miR-125b-2-3p,TCEAL9,Homo sapiens,miRDB_6.0,miRNA-mRNA,strict
597126,hsa-miR-125b-2-3p,TLR2,Homo sapiens,miRWalk,miRNA-mRNA,strict
597127,hsa-miR-125b-2-3p,TLR5,Homo sapiens,miRWalk,miRNA-mRNA,strict
597130,hsa-miR-125b-2-3p,TMC8,Homo sapiens,miRWalk,miRNA-mRNA,strict
597176,hsa-miR-125b-2-3p,TNFSF14,Homo sapiens,miRWalk,miRNA-mRNA,strict
597198,hsa-miR-125b-2-3p,TPX2,Homo sapiens,miRWalk,miRNA-mRNA,strict
597227,hsa-miR-125b-2-3p,TRPC6,Homo sapiens,miRWalk,miRNA-mRNA,strict
597260,hsa-miR-125b-2-3p,UACA,Homo sapiens,miRWalk,miRNA-mRNA,strict
597322,hsa-miR-125b-2-3p,WDFY4,Homo sapiens,miRWalk,miRNA-mRNA,strict
597338,hsa-miR-125b-2-3p,XIST,Homo sapiens,RNAInter;NPInter_4.0,miRNA-lncRNA,strict
597436,hsa-miR-125b-2-3p,ZNF470,Homo sapiens,miRWalk,miRNA-mRNA,strict
597453,hsa-miR-125b-2-3p,ZNF568,Homo sapiens,miRWalk,miRNA-mRNA,strict
597454,hsa-miR-125b-2-3p,ZNF569,Homo sapiens,miRWalk,miRNA-mRNA,strict
597494,hsa-miR-125b-2-3p,ZNF829,Homo sapiens,miRWalk,miRNA-mRNA,strict
932112,hsa-miR-142-5p,ADAMTS1,Homo sapiens,miRDB_6.0;TargetSCAN_8.0,miRNA-mRNA,strict
932113,hsa-miR-142-5p,ADAMTS5,Homo sapiens,miRDB_6.0;TargetSCAN_8.0,miRNA-mRNA,strict
932116,hsa-miR-142-5p,ADGRL3,Homo sapiens,miRDB_6.0,miRNA-mRNA,strict
932150,hsa-miR-142-5p,AMY2B,Homo sapiens,miRWalk,miRNA-mRNA,strict
932183,hsa-miR-142-5p,ARL4A,Homo sapiens,TargetSCAN_8.0,miRNA-mRNA,strict
932203,hsa-miR-142-5p,ATP11A,Homo sapiens,RNAInter,miRNA-mRNA,strict
932218,hsa-miR-142-5p,B3GNT5,Homo sapiens,miRDB_6.0,miRNA-mRNA,strict
932310,hsa-miR-142-5p,CCDC80,Homo sapiens,miRDB_6.0,miRNA-mRNA,strict
932317,hsa-miR-142-5p,CCNL1,Homo sapiens,RNAInter,miRNA-mRNA,strict
932345,hsa-miR-142-5p,CENPF,Homo sapiens,RNAInter,miRNA-mRNA,strict
932402,hsa-miR-142-5p,CTSA,Homo sapiens,TargetSCAN_8.0,miRNA-mRNA,strict
932466,hsa-miR-142-5p,DTL,Homo sapiens,TargetSCAN_8.0,miRNA-mRNA,strict
932539,hsa-miR-142-5p,FANCB,Homo sapiens,miRWalk,miRNA-mRNA,strict
932557,hsa-miR-142-5p,FGF12,Homo sapiens,miRDB_6.0;TargetSCAN_8.0,miRNA-mRNA,strict
932566,hsa-miR-142-5p,FIRRE,Homo sapiens,ENCORI,miRNA-lncRNA,strict
932583,hsa-miR-142-5p,FTX,Homo sapiens,ENCORI,miRNA-lncRNA,strict
932663,hsa-miR-142-5p,HMGN5,Homo sapiens,TargetSCAN_8.0;RNAInter,miRNA-mRNA,strict
932692,hsa-miR-142-5p,IGF1,Homo sapiens,miRDB_6.0;TargetSCAN_8.0,miRNA-mRNA,strict
932770,hsa-miR-142-5p,LIMS1,Homo sapiens,RNAInter,miRNA-mRNA,strict
932810,hsa-miR-142-5p,MADD,Homo sapiens,RNAInter,miRNA-mRNA,strict
932813,hsa-miR-142-5p,MAGI2,Homo sapiens,miRDB_6.0;TargetSCAN_8.0;miRWalk,miRNA-mRNA,strict
932854,hsa-miR-142-5p,MEIS2,Homo sapiens,TargetSCAN_8.0,miRNA-mRNA,strict
932855,hsa-miR-142-5p,MELK,Homo sapiens,TargetSCAN_8.0,miRNA-mRNA,strict
932930,hsa-miR-142-5p,NEAT1,Homo sapiens,ENCORI,miRNA-lncRNA,strict
932947,hsa-miR-142-5p,NKTR,Homo sapiens,RNAInter,miRNA-mRNA,strict
932977,hsa-miR-142-5p,NUF2,Homo sapiens,RNAInter,miRNA-mRNA,strict
932999,hsa-miR-142-5p,PALB2,Homo sapiens,RNAInter,miRNA-mRNA,strict
933016,hsa-miR-142-5p,PDE10A,Homo sapiens,miRWalk,miRNA-mRNA,strict
933036,hsa-miR-142-5p,PHLDA1,Homo sapiens,TargetSCAN_8.0,miRNA-mRNA,strict
933037,hsa-miR-142-5p,PHLDB1,Homo sapiens,miRWalk,miRNA-mRNA,strict
933045,hsa-miR-142-5p,PITPNM2,Homo sapiens,RNAInter,miRNA-mRNA,strict
933051,hsa-miR-142-5p,PLD1,Homo sapiens,TargetSCAN_8.0,miRNA-mRNA,strict
933062,hsa-miR-142-5p,POGLUT3,Homo sapiens,miRDB_6.0,miRNA-mRNA,strict
933064,hsa-miR-142-5p,POSTN,Homo sapiens,TargetSCAN_8.0,miRNA-mRNA,strict
933108,hsa-miR-142-5p,PTPRB,Homo sapiens,TargetSCAN_8.0,miRNA-mRNA,strict
933152,hsa-miR-142-5p,RCN1,Homo sapiens,RNAInter,miRNA-mRNA,strict
933209,hsa-miR-142-5p,RRAGD,Homo sapiens,TargetSCAN_8.0,miRNA-mRNA,strict
933217,hsa-miR-142-5p,RUNX1T1,Homo sapiens,TargetSCAN_8.0,miRNA-mRNA,strict
933244,hsa-miR-142-5p,SEM1,Homo sapiens,RNAInter;miRTarBase_9.0,miRNA-mRNA,strict
933317,hsa-miR-142-5p,SLC9A6,Homo sapiens,miRDB_6.0,miRNA-mRNA,strict
933323,hsa-miR-142-5p,SMAD3,Homo sapiens,RNAInter;miRTarBase_9.0,miRNA-mRNA,strict
933333,hsa-miR-142-5p,SNHG3,Homo sapiens,ENCORI,miRNA-lncRNA,strict
933340,hsa-miR-142-5p,SNX24,Homo sapiens,RNAInter;miRTarBase_9.0,miRNA-mRNA,strict
933394,hsa-miR-142-5p,STOX2,Homo sapiens,TargetSCAN_8.0;RNAInter;miRTarBase_9.0,miRNA-mRNA,strict
933426,hsa-miR-142-5p,TAF13,Homo sapiens,RNAInter;miRTarBase_9.0,miRNA-mRNA,strict
933481,hsa-miR-142-5p,TMOD1,Homo sapiens,TargetSCAN_8.0,miRNA-mRNA,strict
933507,hsa-miR-142-5p,TRIM13,Homo sapiens,miRDB_6.0,miRNA-mRNA,strict
933576,hsa-miR-142-5p,VCL,Homo sapiens,TargetSCAN_8.0,miRNA-mRNA,strict
933598,hsa-miR-142-5p,XIST,Homo sapiens,ENCORI,miRNA-lncRNA,strict
933679,hsa-miR-142-5p,ZSCAN12,Homo sapiens,miRDB_6.0,miRNA-mRNA,strict
941397,hsa-miR-144-3p,ACVR2B,Homo sapiens,TargetSCAN_8.0;RNAInter,miRNA-mRNA,strict
941402,hsa-miR-144-3p,ADAMTS1,Homo sapiens,RNAInter,miRNA-mRNA,strict
941406,hsa-miR-144-3p,ADAMTS5,Homo sapiens,miRDB_6.0;TargetSCAN_8.0;RNAInter,miRNA-mRNA,strict
941409,hsa-miR-144-3p,ADCY7,Homo sapiens,RNAInter,miRNA-mRNA,strict
941418,hsa-miR-144-3p,ADPGK,Homo sapiens,RNAInter,miRNA-mRNA,strict
941501,hsa-miR-144-3p,ANTXR1,Homo sapiens,RNAInter,miRNA-mRNA,strict
941515,hsa-miR-144-3p,APLP2,Homo sapiens,miRDB_6.0;TargetSCAN_8.0;RNAInter,miRNA-mRNA,strict
941529,hsa-miR-144-3p,ARHGAP11A,Homo sapiens,RNAInter,miRNA-mRNA,strict
941535,hsa-miR-144-3p,ARHGAP28,Homo sapiens,RNAInter,miRNA-mRNA,strict
941536,hsa-miR-144-3p,ARHGAP42,Homo sapiens,miRDB_6.0;RNAInter,miRNA-mRNA,strict
941582,hsa-miR-144-3p,ATP11A,Homo sapiens,RNAInter,miRNA-mRNA,strict
941585,hsa-miR-144-3p,ATP1B2,Homo sapiens,TargetSCAN_8.0,miRNA-mRNA,strict
941733,hsa-miR-144-3p,CALCRL,Homo sapiens,miRDB_6.0,miRNA-mRNA,strict
941772,hsa-miR-144-3p,CCDC112,Homo sapiens,RNAInter,miRNA-mRNA,strict
941782,hsa-miR-144-3p,CCDC68,Homo sapiens,RNAInter,miRNA-mRNA,strict
941832,hsa-miR-144-3p,CDKN1A,Homo sapiens,NPInter_4.0,miRNA-lncRNA,strict
941852,hsa-miR-144-3p,CEP76,Homo sapiens,RNAInter,miRNA-mRNA,strict
941858,hsa-miR-144-3p,CFL2,Homo sapiens,TargetSCAN_8.0;RNAInter,miRNA-mRNA,strict
941904,hsa-miR-144-3p,CMIP,Homo sapiens,RNAInter,miRNA-mRNA,strict
941908,hsa-miR-144-3p,CNN3,Homo sapiens,TargetSCAN_8.0;RNAInter,miRNA-mRNA,strict
941964,hsa-miR-144-3p,CRPPA,Homo sapiens,RNAInter,miRNA-mRNA,strict
942019,hsa-miR-144-3p,DBF4B,Homo sapiens,RNAInter,miRNA-mRNA,strict
942050,hsa-miR-144-3p,DEPDC1,Homo sapiens,RNAInter,miRNA-mRNA,strict
942071,hsa-miR-144-3p,DLG5,Homo sapiens,miRDB_6.0;TargetSCAN_8.0;RNAInter,miRNA-mRNA,strict
942101,hsa-miR-144-3p,DONSON,Homo sapiens,RNAInter,miRNA-mRNA,strict
942112,hsa-miR-144-3p,DST,Homo sapiens,miRDB_6.0;TargetSCAN_8.0;RNAInter,miRNA-mRNA,strict
942114,hsa-miR-144-3p,DTNA,Homo sapiens,TargetSCAN_8.0;RNAInter,miRNA-mRNA,strict
942148,hsa-miR-144-3p,EFEMP1,Homo sapiens,miRDB_6.0;RNAInter,miRNA-mRNA,strict
942172,hsa-miR-144-3p,ELL2,Homo sapiens,TargetSCAN_8.0;RNAInter;miRTarBase_9.0,miRNA-mRNA,strict
942179,hsa-miR-144-3p,EMP1,Homo sapiens,miRDB_6.0;TargetSCAN_8.0;RNAInter,miRNA-mRNA,strict
942182,hsa-miR-144-3p,ENAH,Homo sapiens,TargetSCAN_8.0;RNAInter,miRNA-mRNA,strict
942190,hsa-miR-144-3p,EPB41L4A,Homo sapiens,RNAInter,miRNA-mRNA,strict
942228,hsa-miR-144-3p,EXPH5,Homo sapiens,miRDB_6.0;RNAInter,miRNA-mRNA,strict
942278,hsa-miR-144-3p,FANCD2,Homo sapiens,RNAInter,miRNA-mRNA,strict
942283,hsa-miR-144-3p,FAT4,Homo sapiens,miRDB_6.0;TargetSCAN_8.0;RNAInter,miRNA-mRNA,strict
942502,hsa-miR-144-3p,HEY1,Homo sapiens,RNAInter,miRNA-mRNA,strict
942518,hsa-miR-144-3p,HIVEP3,Homo sapiens,TargetSCAN_8.0;RNAInter,miRNA-mRNA,strict
942526,hsa-miR-144-3p,HMGN5,Homo sapiens,RNAInter,miRNA-mRNA,strict
942527,hsa-miR-144-3p,HMGXB4,Homo sapiens,RNAInter,miRNA-mRNA,strict
942612,hsa-miR-144-3p,IRS1,Homo sapiens,TargetSCAN_8.0;RNAInter;miRTarBase_9.0,miRNA-mRNA,strict
942616,hsa-miR-144-3p,ITGA1,Homo sapiens,RNAInter,miRNA-mRNA,strict
942625,hsa-miR-144-3p,ITPR1,Homo sapiens,miRDB_6.0;TargetSCAN_8.0;RNAInter,miRNA-mRNA,strict
942633,hsa-miR-144-3p,JAKMIP2,Homo sapiens,TargetSCAN_8.0,miRNA-mRNA,strict
942657,hsa-miR-144-3p,KCNH2,Homo sapiens,RNAInter,miRNA-mRNA,strict
942663,hsa-miR-144-3p,KCNN3,Homo sapiens,TargetSCAN_8.0,miRNA-mRNA,strict
942687,hsa-miR-144-3p,KIAA1217,Homo sapiens,miRDB_6.0;TargetSCAN_8.0;RNAInter,miRNA-mRNA,strict
942696,hsa-miR-144-3p,KIF14,Homo sapiens,TargetSCAN_8.0;RNAInter,miRNA-mRNA,strict
942697,hsa-miR-144-3p,KIF15,Homo sapiens,RNAInter,miRNA-mRNA,strict
942713,hsa-miR-144-3p,KLF5,Homo sapiens,RNAInter,miRNA-mRNA,strict
942763,hsa-miR-144-3p,LIFR,Homo sapiens,miRDB_6.0;TargetSCAN_8.0;RNAInter;miRTarBase_9.0,miRNA-mRNA,strict
942765,hsa-miR-144-3p,LIMCH1,Homo sapiens,miRDB_6.0;TargetSCAN_8.0,miRNA-mRNA,strict
942782,hsa-miR-144-3p,LIPA,Homo sapiens,RNAInter,miRNA-mRNA,strict
942841,hsa-miR-144-3p,MAGI1,Homo sapiens,miRDB_6.0;RNAInter,miRNA-mRNA,strict
942842,hsa-miR-144-3p,MAGI2,Homo sapiens,TargetSCAN_8.0;miRWalk,miRNA-mRNA,strict
942846,hsa-miR-144-3p,MALAT1,Homo sapiens,RNAInter;ENCORI;NPInter_4.0,miRNA-lncRNA,strict
942884,hsa-miR-144-3p,MCM8,Homo sapiens,RNAInter;miRTarBase_9.0,miRNA-mRNA,strict
942888,hsa-miR-144-3p,MECOM,Homo sapiens,RNAInter,miRNA-mRNA,strict
942900,hsa-miR-144-3p,MEIS2,Homo sapiens,miRDB_6.0;TargetSCAN_8.0;RNAInter,miRNA-mRNA,strict
942901,hsa-miR-144-3p,MELK,Homo sapiens,RNAInter,miRNA-mRNA,strict
942902,hsa-miR-144-3p,MET,Homo sapiens,TargetSCAN_8.0;RNAInter;miRTarBase_9.0,miRNA-mRNA,strict
942930,hsa-miR-144-3p,MLEC,Homo sapiens,TargetSCAN_8.0;RNAInter;miRTarBase_9.0,miRNA-mRNA,strict
942946,hsa-miR-144-3p,MPDZ,Homo sapiens,RNAInter,miRNA-mRNA,strict
942947,hsa-miR-144-3p,MPEG1,Homo sapiens,RNAInter,miRNA-mRNA,strict
942986,hsa-miR-144-3p,MYB,Homo sapiens,TargetSCAN_8.0;RNAInter,miRNA-mRNA,strict
943017,hsa-miR-144-3p,NAV2,Homo sapiens,RNAInter,miRNA-mRNA,strict
943018,hsa-miR-144-3p,NAV3,Homo sapiens,miRDB_6.0;TargetSCAN_8.0,miRNA-mRNA,strict
943032,hsa-miR-144-3p,NDRG4,Homo sapiens,TargetSCAN_8.0,miRNA-mRNA,strict
943042,hsa-miR-144-3p,NEAT1,Homo sapiens,ENCORI;NPInter_4.0,miRNA-lncRNA,strict
943052,hsa-miR-144-3p,NET1,Homo sapiens,TargetSCAN_8.0;RNAInter,miRNA-mRNA,strict
943176,hsa-miR-144-3p,NOS1,Homo sapiens,miRDB_6.0,miRNA-mRNA,strict
943177,hsa-miR-144-3p,NOTCH1,Homo sapiens,RNAInter;miRTarBase_9.0,miRNA-mRNA,strict
943178,hsa-miR-144-3p,NOTCH2,Homo sapiens,RNAInter,miRNA-mRNA,strict
943233,hsa-miR-144-3p,OGT,Homo sapiens,RNAInter,miRNA-mRNA,strict
943260,hsa-miR-144-3p,PAG1,Homo sapiens,TargetSCAN_8.0;RNAInter,miRNA-mRNA,strict
943264,hsa-miR-144-3p,PALLD,Homo sapiens,RNAInter,miRNA-mRNA,strict
943278,hsa-miR-144-3p,PARPBP,Homo sapiens,RNAInter,miRNA-mRNA,strict
943283,hsa-miR-144-3p,PAXBP1,Homo sapiens,RNAInter,miRNA-mRNA,strict
943296,hsa-miR-144-3p,PCDH9,Homo sapiens,RNAInter,miRNA-mRNA,strict
943315,hsa-miR-144-3p,PCSK5,Homo sapiens,TargetSCAN_8.0,miRNA-mRNA,strict
943326,hsa-miR-144-3p,PDE7B,Homo sapiens,TargetSCAN_8.0;RNAInter,miRNA-mRNA,strict
943341,hsa-miR-144-3p,PFDN4,Homo sapiens,RNAInter,miRNA-mRNA,strict
943360,hsa-miR-144-3p,PHLDA1,Homo sapiens,TargetSCAN_8.0,miRNA-mRNA,strict
943367,hsa-miR-144-3p,PIEZO1,Homo sapiens,TargetSCAN_8.0;RNAInter,miRNA-mRNA,strict
943372,hsa-miR-144-3p,PIK3IP1,Homo sapiens,RNAInter,miRNA-mRNA,strict
943409,hsa-miR-144-3p,POGLUT3,Homo sapiens,RNAInter,miRNA-mRNA,strict
943417,hsa-miR-144-3p,POLR3G,Homo sapiens,miRDB_6.0;RNAInter,miRNA-mRNA,strict
943423,hsa-miR-144-3p,POU2F2,Homo sapiens,RNAInter,miRNA-mRNA,strict
943439,hsa-miR-144-3p,PPM1L,Homo sapiens,RNAInter,miRNA-mRNA,strict
943463,hsa-miR-144-3p,PRC1,Homo sapiens,RNAInter,miRNA-mRNA,strict
943490,hsa-miR-144-3p,PRSS23,Homo sapiens,RNAInter,miRNA-mRNA,strict
943516,hsa-miR-144-3p,PTPN13,Homo sapiens,RNAInter,miRNA-mRNA,strict
943522,hsa-miR-144-3p,PTPRJ,Homo sapiens,TargetSCAN_8.0;RNAInter,miRNA-mRNA,strict
943524,hsa-miR-144-3p,PTPRM,Homo sapiens,RNAInter,miRNA-mRNA,strict
943560,hsa-miR-144-3p,RAD51AP1,Homo sapiens,NPInter_4.0,miRNA-lncRNA,strict
943565,hsa-miR-144-3p,RAI14,Homo sapiens,RNAInter,miRNA-mRNA,strict
943586,hsa-miR-144-3p,RASSF8,Homo sapiens,miRDB_6.0;RNAInter,miRNA-mRNA,strict
943620,hsa-miR-144-3p,REPIN1,Homo sapiens,RNAInter,miRNA-mRNA,strict
943726,hsa-miR-144-3p,RRAGD,Homo sapiens,TargetSCAN_8.0,miRNA-mRNA,strict
943740,hsa-miR-144-3p,RUNX1T1,Homo sapiens,RNAInter,miRNA-mRNA,strict
943781,hsa-miR-144-3p,SEC61B,Homo sapiens,RNAInter,miRNA-mRNA,strict
943804,hsa-miR-144-3p,SETD1B,Homo sapiens,RNAInter,miRNA-mRNA,strict
943827,hsa-miR-144-3p,SHANK2,Homo sapiens,TargetSCAN_8.0;RNAInter,miRNA-mRNA,strict
943916,hsa-miR-144-3p,SMAD6,Homo sapiens,RNAInter,miRNA-mRNA,strict
943920,hsa-miR-144-3p,SMARCA1,Homo sapiens,miRDB_6.0;RNAInter,miRNA-mRNA,strict
943940,hsa-miR-144-3p,SNORD17,Homo sapiens,NPInter_4.0,miRNA-lncRNA,strict
943942,hsa-miR-144-3p,SNRNP70,Homo sapiens,NPInter_4.0,miRNA-lncRNA,strict
943951,hsa-miR-144-3p,SNX24,Homo sapiens,RNAInter,miRNA-mRNA,strict
943960,hsa-miR-144-3p,SOCS6,Homo sapiens,TargetSCAN_8.0,miRNA-mRNA,strict
943973,hsa-miR-144-3p,SOX6,Homo sapiens,TargetSCAN_8.0;RNAInter,miRNA-mRNA,strict
943994,hsa-miR-144-3p,SRC,Homo sapiens,TargetSCAN_8.0,miRNA-mRNA,strict
944046,hsa-miR-144-3p,STOX2,Homo sapiens,TargetSCAN_8.0;RNAInter,miRNA-mRNA,strict
944082,hsa-miR-144-3p,TACC2,Homo sapiens,RNAInter,miRNA-mRNA,strict
944084,hsa-miR-144-3p,TAF13,Homo sapiens,miRTarBase_9.0,miRNA-mRNA,strict
944122,hsa-miR-144-3p,TCFL5,Homo sapiens,TargetSCAN_8.0;RNAInter,miRNA-mRNA,strict
944129,hsa-miR-144-3p,TEK,Homo sapiens,miRDB_6.0;TargetSCAN_8.0,miRNA-mRNA,strict
944148,hsa-miR-144-3p,TGFB1,Homo sapiens,RNAInter;miRTarBase_9.0,miRNA-mRNA,strict
944155,hsa-miR-144-3p,TGOLN2,Homo sapiens,RNAInter,miRNA-mRNA,strict
944160,hsa-miR-144-3p,THBS1,Homo sapiens,TargetSCAN_8.0;RNAInter,miRNA-mRNA,strict
944235,hsa-miR-144-3p,TNRC18,Homo sapiens,TargetSCAN_8.0;RNAInter,miRNA-mRNA,strict
944247,hsa-miR-144-3p,TOP2A,Homo sapiens,TargetSCAN_8.0;RNAInter,miRNA-mRNA,strict
944257,hsa-miR-144-3p,TPX2,Homo sapiens,RNAInter,miRNA-mRNA,strict
944268,hsa-miR-144-3p,TRIM2,Homo sapiens,RNAInter,miRNA-mRNA,strict
944310,hsa-miR-144-3p,UACA,Homo sapiens,RNAInter,miRNA-mRNA,strict
944372,hsa-miR-144-3p,USP53,Homo sapiens,RNAInter,miRNA-mRNA,strict
944382,hsa-miR-144-3p,VCAN,Homo sapiens,TargetSCAN_8.0;RNAInter,miRNA-mRNA,strict
944435,hsa-miR-144-3p,WWTR1,Homo sapiens,miRDB_6.0;RNAInter,miRNA-mRNA,strict
944438,hsa-miR-144-3p,XIST,Homo sapiens,RNAInter;ENCORI;NPInter_4.0;miRTarBase_9.0,miRNA-mRNA;miRNA-lncRNA,strict
944473,hsa-miR-144-3p,ZC2HC1A,Homo sapiens,miRDB_6.0;TargetSCAN_8.0;RNAInter,miRNA-mRNA,strict
944479,hsa-miR-144-3p,ZC3H6,Homo sapiens,miRDB_6.0;TargetSCAN_8.0;RNAInter,miRNA-mRNA,strict
944482,hsa-miR-144-3p,ZC3HAV1L,Homo sapiens,RNAInter,miRNA-mRNA,strict
944552,hsa-miR-144-3p,ZNF521,Homo sapiens,RNAInter,miRNA-mRNA,strict
944658,hsa-miR-144-5p,CDCA2,Homo sapiens,miRWalk,miRNA-mRNA,strict
944662,hsa-miR-144-5p,CFL2,Homo sapiens,miRWalk,miRNA-mRNA,strict
944667,hsa-miR-144-5p,CNKSR3,Homo sapiens,miRWalk,miRNA-mRNA,strict
944690,hsa-miR-144-5p,FTX,Homo sapiens,ENCORI,miRNA-lncRNA,strict
944725,hsa-miR-144-5p,MAGI2,Homo sapiens,miRWalk,miRNA-mRNA,strict
944729,hsa-miR-144-5p,MET,Homo sapiens,RNAInter;miRTarBase_9.0,miRNA-mRNA,strict
944733,hsa-miR-144-5p,MPIG6B,Homo sapiens,miRDB_6.0,miRNA-mRNA,strict
944744,hsa-miR-144-5p,NEAT1,Homo sapiens,ENCORI,miRNA-lncRNA,strict
944786,hsa-miR-144-5p,RSRP1,Homo sapiens,miRWalk,miRNA-mRNA,strict
944844,hsa-miR-144-5p,XIST,Homo sapiens,ENCORI,miRNA-lncRNA,strict
1424245,hsa-miR-21-3p,ADCY7,Homo sapiens,miRWalk,miRNA-mRNA,strict
1424266,hsa-miR-21-3p,ALDH1A2,Homo sapiens,miRWalk,miRNA-mRNA,strict
1424297,hsa-miR-21-3p,AP1G2,Homo sapiens,miRWalk,miRNA-mRNA,strict
1424299,hsa-miR-21-3p,APBB2,Homo sapiens,miRWalk,miRNA-mRNA,strict
1424313,hsa-miR-21-3p,ARHGAP27,Homo sapiens,miRWalk,miRNA-mRNA,strict
1424314,hsa-miR-21-3p,ARHGAP28,Homo sapiens,miRWalk,miRNA-mRNA,strict
1424362,hsa-miR-21-3p,B3GNT5,Homo sapiens,miRWalk,miRNA-mRNA,strict
1424389,hsa-miR-21-3p,BPGM,Homo sapiens,miRWalk,miRNA-mRNA,strict
1424422,hsa-miR-21-3p,CABP1,Homo sapiens,miRWalk,miRNA-mRNA,strict
1424446,hsa-miR-21-3p,CCDC138,Homo sapiens,miRWalk,miRNA-mRNA,strict
1424452,hsa-miR-21-3p,CCDC30,Homo sapiens,miRWalk,miRNA-mRNA,strict
1424487,hsa-miR-21-3p,CDK1,Homo sapiens,miRWalk,miRNA-mRNA,strict
1424497,hsa-miR-21-3p,CENPI,Homo sapiens,miRWalk,miRNA-mRNA,strict
1424564,hsa-miR-21-3p,CTDSPL,Homo sapiens,miRDB_6.0,miRNA-mRNA,strict
1424596,hsa-miR-21-3p,DDR2,Homo sapiens,miRWalk,miRNA-mRNA,strict
1424617,hsa-miR-21-3p,DMTF1,Homo sapiens,miRWalk,miRNA-mRNA,strict
1424618,hsa-miR-21-3p,DNAAF11,Homo sapiens,miRWalk,miRNA-mRNA,strict
1424659,hsa-miR-21-3p,ELL2,Homo sapiens,miRDB_6.0,miRNA-mRNA,strict
1424736,hsa-miR-21-3p,FILIP1,Homo sapiens,miRWalk,miRNA-mRNA,strict
1424739,hsa-miR-21-3p,FLACC1,Homo sapiens,miRWalk,miRNA-mRNA,strict
1424839,hsa-miR-21-3p,GULP1,Homo sapiens,miRWalk,miRNA-mRNA,strict
1424859,hsa-miR-21-3p,HIVEP3,Homo sapiens,RNAInter;miRTarBase_9.0,miRNA-mRNA,strict
1424921,hsa-miR-21-3p,ITPR1,Homo sapiens,RNAInter,miRNA-mRNA,strict
1424949,hsa-miR-21-3p,KIAA1217,Homo sapiens,miRWalk,miRNA-mRNA,strict
1424957,hsa-miR-21-3p,KIZ,Homo sapiens,miRWalk,miRNA-mRNA,strict
1424965,hsa-miR-21-3p,KRT23,Homo sapiens,miRWalk,miRNA-mRNA,strict
1424985,hsa-miR-21-3p,LIMA1,Homo sapiens,miRWalk,miRNA-mRNA,strict
1424990,hsa-miR-21-3p,LIPA,Homo sapiens,miRWalk,miRNA-mRNA,strict
1425012,hsa-miR-21-3p,LRRC25,Homo sapiens,miRWalk,miRNA-mRNA,strict
1425027,hsa-miR-21-3p,LYVE1,Homo sapiens,miRWalk,miRNA-mRNA,strict
1425036,hsa-miR-21-3p,MAGI2,Homo sapiens,miRWalk,miRNA-mRNA,strict
1425037,hsa-miR-21-3p,MALAT1,Homo sapiens,RNAInter,miRNA-lncRNA,strict
1425040,hsa-miR-21-3p,MAOA,Homo sapiens,miRWalk,miRNA-mRNA,strict
1425111,hsa-miR-21-3p,MYCL,Homo sapiens,miRDB_6.0,miRNA-mRNA,strict
1425115,hsa-miR-21-3p,MYL4,Homo sapiens,miRWalk,miRNA-mRNA,strict
1425132,hsa-miR-21-3p,NAV3,Homo sapiens,miRDB_6.0;miRWalk,miRNA-mRNA,strict
1425144,hsa-miR-21-3p,NET1,Homo sapiens,miRWalk,miRNA-mRNA,strict
1425223,hsa-miR-21-3p,P2RX1,Homo sapiens,miRWalk,miRNA-mRNA,strict
1425225,hsa-miR-21-3p,PAG1,Homo sapiens,miRWalk,miRNA-mRNA,strict
1425227,hsa-miR-21-3p,PALB2,Homo sapiens,miRWalk,miRNA-mRNA,strict
1425228,hsa-miR-21-3p,PALLD,Homo sapiens,miRWalk,miRNA-mRNA,strict
1425233,hsa-miR-21-3p,PARD3B,Homo sapiens,miRDB_6.0,miRNA-mRNA,strict
1425244,hsa-miR-21-3p,PCLAF,Homo sapiens,miRDB_6.0;miRWalk,miRNA-mRNA,strict
1425253,hsa-miR-21-3p,PDE6A,Homo sapiens,miRWalk,miRNA-mRNA,strict
1425283,hsa-miR-21-3p,PITPNM2,Homo sapiens,miRWalk,miRNA-mRNA,strict
1425302,hsa-miR-21-3p,PLPP1,Homo sapiens,miRWalk,miRNA-mRNA,strict
1425328,hsa-miR-21-3p,PPM1L,Homo sapiens,miRWalk,miRNA-mRNA,strict
1425406,hsa-miR-21-3p,RAI14,Homo sapiens,miRWalk,miRNA-mRNA,strict
1425416,hsa-miR-21-3p,RASSF8,Homo sapiens,miRWalk,miRNA-mRNA,strict
1425478,hsa-miR-21-3p,RPH3A,Homo sapiens,miRWalk,miRNA-mRNA,strict
1425494,hsa-miR-21-3p,RUNX1T1,Homo sapiens,miRDB_6.0;miRWalk,miRNA-mRNA,strict
1425519,hsa-miR-21-3p,SEM1,Homo sapiens,miRWalk,miRNA-mRNA,strict
1425546,hsa-miR-21-3p,SHANK2,Homo sapiens,miRWalk,miRNA-mRNA,strict
1425553,hsa-miR-21-3p,SIDT2,Homo sapiens,miRWalk,miRNA-mRNA,strict
1425557,hsa-miR-21-3p,SLA2,Homo sapiens,miRWalk,miRNA-mRNA,strict
1425617,hsa-miR-21-3p,SNX24,Homo sapiens,miRTarBase_9.0,miRNA-mRNA,strict
1425644,hsa-miR-21-3p,SPINT2,Homo sapiens,miRWalk,miRNA-mRNA,strict
1425672,hsa-miR-21-3p,STIM1,Homo sapiens,miRWalk,miRNA-mRNA,strict
1425722,hsa-miR-21-3p,TCEAL9,Homo sapiens,miRWalk,miRNA-mRNA,strict
1425751,hsa-miR-21-3p,TLR2,Homo sapiens,miRWalk,miRNA-mRNA,strict
1425802,hsa-miR-21-3p,TRIM2,Homo sapiens,miRWalk,miRNA-mRNA,strict
1425873,hsa-miR-21-3p,VCAN,Homo sapiens,miRWalk,miRNA-mRNA,strict
1425968,hsa-miR-21-3p,ZNF470,Homo sapiens,miRWalk,miRNA-mRNA,strict
1425996,hsa-miR-21-3p,ZNF829,Homo sapiens,miRWalk,miRNA-mRNA,strict
1548577,hsa-miR-224-5p,ADAMTS5,Homo sapiens,TargetSCAN_8.0;RNAInter,miRNA-mRNA,strict
1548582,hsa-miR-224-5p,ADCY7,Homo sapiens,RNAInter,miRNA-mRNA,strict
1548605,hsa-miR-224-5p,AHNAK2,Homo sapiens,miRWalk,miRNA-mRNA,strict
1548611,hsa-miR-224-5p,AK9,Homo sapiens,RNAInter,miRNA-mRNA,strict
1548651,hsa-miR-224-5p,AMPD2,Homo sapiens,miRWalk,miRNA-mRNA,strict
1548667,hsa-miR-224-5p,ANKRD42,Homo sapiens,miRWalk,miRNA-mRNA,strict
1548677,hsa-miR-224-5p,AOPEP,Homo sapiens,miRWalk,miRNA-mRNA,strict
1548681,hsa-miR-224-5p,AP1G2,Homo sapiens,miRWalk,miRNA-mRNA,strict
1548690,hsa-miR-224-5p,APBB2,Homo sapiens,miRWalk,miRNA-mRNA,strict
1548747,hsa-miR-224-5p,ASPM,Homo sapiens,RNAInter,miRNA-mRNA,strict
1548763,hsa-miR-224-5p,ATP11A,Homo sapiens,TargetSCAN_8.0,miRNA-mRNA,strict
1548792,hsa-miR-224-5p,BAHD1,Homo sapiens,miRWalk,miRNA-mRNA,strict
1548834,hsa-miR-224-5p,BPGM,Homo sapiens,miRWalk,miRNA-mRNA,strict
1548837,hsa-miR-224-5p,BRCA1,Homo sapiens,RNAInter,miRNA-mRNA,strict
1548924,hsa-miR-224-5p,CAMKMT,Homo sapiens,RNAInter,miRNA-mRNA,strict
1548944,hsa-miR-224-5p,CBX6,Homo sapiens,TargetSCAN_8.0;RNAInter,miRNA-mRNA,strict
1548947,hsa-miR-224-5p,CCDC112,Homo sapiens,miRWalk,miRNA-mRNA,strict
1548958,hsa-miR-224-5p,CCDC68,Homo sapiens,RNAInter,miRNA-mRNA,strict
1548972,hsa-miR-224-5p,CCNL2,Homo sapiens,miRDB_6.0;NPInter_4.0,miRNA-mRNA;miRNA-lncRNA,strict
1548986,hsa-miR-224-5p,CD59,Homo sapiens,RNAInter,miRNA-mRNA,strict
1548994,hsa-miR-224-5p,CDCA2,Homo sapiens,miRWalk,miRNA-mRNA,strict
1549015,hsa-miR-224-5p,CDKN1A,Homo sapiens,RNAInter;NPInter_4.0,miRNA-mRNA;miRNA-lncRNA,strict
1549029,hsa-miR-224-5p,CEBPZOS,Homo sapiens,miRWalk,miRNA-mRNA,strict
1549064,hsa-miR-224-5p,CHEK1,Homo sapiens,RNAInter;TargetSCAN_8.0;miRWalk;NPInter_4.0,miRNA-mRNA;miRNA-lncRNA,strict
1549065,hsa-miR-224-5p,CHERP,Homo sapiens,miRDB_6.0,miRNA-mRNA,strict
1549158,hsa-miR-224-5p,CRIM1,Homo sapiens,RNAInter;miRWalk,miRNA-mRNA,strict
1549163,hsa-miR-224-5p,CSF1R,Homo sapiens,miRWalk,miRNA-mRNA,strict
1549224,hsa-miR-224-5p,DBF4B,Homo sapiens,RNAInter,miRNA-mRNA,strict
1549299,hsa-miR-224-5p,DMTF1,Homo sapiens,NPInter_4.0,miRNA-lncRNA,strict
1549341,hsa-miR-224-5p,DSP,Homo sapiens,RNAInter,miRNA-mRNA,strict
1549416,hsa-miR-224-5p,ENAH,Homo sapiens,TargetSCAN_8.0,miRNA-mRNA,strict
1549451,hsa-miR-224-5p,EXPH5,Homo sapiens,miRWalk,miRNA-mRNA,strict
1549521,hsa-miR-224-5p,FERMT3,Homo sapiens,miRWalk,miRNA-mRNA,strict
1549523,hsa-miR-224-5p,FEZ1,Homo sapiens,miRWalk,miRNA-mRNA,strict
1549531,hsa-miR-224-5p,FGGY,Homo sapiens,miRWalk,miRNA-mRNA,strict
1549543,hsa-miR-224-5p,FLACC1,Homo sapiens,miRWalk,miRNA-mRNA,strict
1549582,hsa-miR-224-5p,FZD5,Homo sapiens,TargetSCAN_8.0;RNAInter,miRNA-mRNA,strict
1549594,hsa-miR-224-5p,GABRE,Homo sapiens,TargetSCAN_8.0,miRNA-mRNA,strict
1549635,hsa-miR-224-5p,GIGYF1,Homo sapiens,RNAInter;miRTarBase_9.0,miRNA-mRNA,strict
1549661,hsa-miR-224-5p,GORAB,Homo sapiens,RNAInter;miRTarBase_9.0,miRNA-mRNA,strict
1549662,hsa-miR-224-5p,GORASP1,Homo sapiens,miRWalk,miRNA-mRNA,strict
1549688,hsa-miR-224-5p,GPT2,Homo sapiens,RNAInter,miRNA-mRNA,strict
1549726,hsa-miR-224-5p,GYPE,Homo sapiens,miRWalk,miRNA-mRNA,strict
1549760,hsa-miR-224-5p,HEY1,Homo sapiens,RNAInter,miRNA-mRNA,strict
1549768,hsa-miR-224-5p,HLA-A,Homo sapiens,RNAInter,miRNA-mRNA,strict
1549772,hsa-miR-224-5p,HLF,Homo sapiens,miRWalk,miRNA-mRNA,strict
1549908,hsa-miR-224-5p,ITSN1,Homo sapiens,RNAInter,miRNA-mRNA,strict
1549936,hsa-miR-224-5p,KCNH2,Homo sapiens,miRWalk,miRNA-mRNA,strict
1550010,hsa-miR-224-5p,KRT23,Homo sapiens,miRWalk,miRNA-mRNA,strict
1550015,hsa-miR-224-5p,LAMB1,Homo sapiens,RNAInter,miRNA-mRNA,strict
1550043,hsa-miR-224-5p,LHFPL2,Homo sapiens,RNAInter;miRWalk;miRTarBase_9.0,miRNA-mRNA,strict
1550049,hsa-miR-224-5p,LIMCH1,Homo sapiens,miRWalk,miRNA-mRNA,strict
1550075,hsa-miR-224-5p,LMO7,Homo sapiens,miRWalk,miRNA-mRNA,strict
1550091,hsa-miR-224-5p,LPAR5,Homo sapiens,TargetSCAN_8.0,miRNA-mRNA,strict
1550133,hsa-miR-224-5p,MADD,Homo sapiens,RNAInter,miRNA-mRNA,strict
1550141,hsa-miR-224-5p,MAGI1,Homo sapiens,miRDB_6.0;RNAInter,miRNA-mRNA,strict
1550142,hsa-miR-224-5p,MAGI2,Homo sapiens,miRWalk,miRNA-mRNA,strict
1550149,hsa-miR-224-5p,MALAT1,Homo sapiens,ENCORI;NPInter_4.0,miRNA-lncRNA,strict
1550153,hsa-miR-224-5p,MAN1A2,Homo sapiens,miRWalk,miRNA-mRNA,strict
1550216,hsa-miR-224-5p,MELK,Homo sapiens,RNAInter,miRNA-mRNA,strict
1550223,hsa-miR-224-5p,MFAP3L,Homo sapiens,miRWalk,miRNA-mRNA,strict
1550273,hsa-miR-224-5p,MPEG1,Homo sapiens,TargetSCAN_8.0;RNAInter,miRNA-mRNA,strict
1550354,hsa-miR-224-5p,NAV2,Homo sapiens,RNAInter,miRNA-mRNA,strict
1550355,hsa-miR-224-5p,NAV3,Homo sapiens,miRWalk,miRNA-mRNA,strict
1550361,hsa-miR-224-5p,NCKAP5L,Homo sapiens,RNAInter,miRNA-mRNA,strict
1550379,hsa-miR-224-5p,NEAT1,Homo sapiens,ENCORI;NPInter_4.0,miRNA-lncRNA,strict
1550418,hsa-miR-224-5p,NKTR,Homo sapiens,RNAInter;NPInter_4.0,miRNA-mRNA;miRNA-lncRNA,strict
1550515,hsa-miR-224-5p,NOVA2,Homo sapiens,TargetSCAN_8.0,miRNA-mRNA,strict
1550582,hsa-miR-224-5p,OGT,Homo sapiens,RNAInter,miRNA-mRNA,strict
1550622,hsa-miR-224-5p,P4HA2,Homo sapiens,miRWalk,miRNA-mRNA,strict
1550636,hsa-miR-224-5p,PANX1,Homo sapiens,TargetSCAN_8.0;RNAInter,miRNA-mRNA,strict
1550645,hsa-miR-224-5p,PARPBP,Homo sapiens,RNAInter;NPInter_4.0,miRNA-mRNA;miRNA-lncRNA,strict
1550690,hsa-miR-224-5p,PDE10A,Homo sapiens,miRWalk,miRNA-mRNA,strict
1550749,hsa-miR-224-5p,PIK3IP1,Homo sapiens,RNAInter,miRNA-mRNA,strict
1550753,hsa-miR-224-5p,PIN4,Homo sapiens,TargetSCAN_8.0,miRNA-mRNA,strict
1550774,hsa-miR-224-5p,PLEC,Homo sapiens,miRWalk,miRNA-mRNA,strict
1550803,hsa-miR-224-5p,POGLUT3,Homo sapiens,miRWalk,miRNA-mRNA,strict
1550862,hsa-miR-224-5p,PRC1,Homo sapiens,RNAInter,miRNA-mRNA,strict
1550903,hsa-miR-224-5p,PSAP,Homo sapiens,RNAInter,miRNA-mRNA,strict
1550922,hsa-miR-224-5p,PTGIS,Homo sapiens,TargetSCAN_8.0,miRNA-mRNA,strict
1550935,hsa-miR-224-5p,PTPRB,Homo sapiens,miRDB_6.0,miRNA-mRNA,strict
1550966,hsa-miR-224-5p,RAB5IF,Homo sapiens,miRWalk,miRNA-mRNA,strict
1550990,hsa-miR-224-5p,RAPGEF4,Homo sapiens,miRWalk,miRNA-mRNA,strict
1550998,hsa-miR-224-5p,RASSF8,Homo sapiens,RNAInter;miRWalk;miRTarBase_9.0,miRNA-mRNA,strict
1551023,hsa-miR-224-5p,RCN1,Homo sapiens,RNAInter,miRNA-mRNA,strict
1551050,hsa-miR-224-5p,RHOT2,Homo sapiens,miRWalk;NPInter_4.0,miRNA-mRNA;miRNA-lncRNA,strict
1551078,hsa-miR-224-5p,RNF213,Homo sapiens,miRDB_6.0,miRNA-mRNA,strict
1551124,hsa-miR-224-5p,RPH3A,Homo sapiens,miRWalk,miRNA-mRNA,strict
1551131,hsa-miR-224-5p,RPL26,Homo sapiens,miRWalk,miRNA-mRNA,strict
1551151,hsa-miR-224-5p,RRAGD,Homo sapiens,RNAInter,miRNA-mRNA,strict
1551198,hsa-miR-224-5p,SEC14L5,Homo sapiens,TargetSCAN_8.0;RNAInter;miRTarBase_9.0,miRNA-mRNA,strict
1551204,hsa-miR-224-5p,SEC61B,Homo sapiens,RNAInter,miRNA-mRNA,strict
1551222,hsa-miR-224-5p,SERPINB10,Homo sapiens,TargetSCAN_8.0,miRNA-mRNA,strict
1551288,hsa-miR-224-5p,SLC16A7,Homo sapiens,RNAInter,miRNA-mRNA,strict
1551382,hsa-miR-224-5p,SNHG1,Homo sapiens,NPInter_4.0,miRNA-lncRNA,strict
1551385,hsa-miR-224-5p,SNHG15,Homo sapiens,NPInter_4.0,miRNA-lncRNA,strict
1551387,hsa-miR-224-5p,SNHG3,Homo sapiens,NPInter_4.0,miRNA-lncRNA,strict
1551433,hsa-miR-224-5p,SPINT2,Homo sapiens,RNAInter,miRNA-mRNA,strict
1551481,hsa-miR-224-5p,STIM1,Homo sapiens,miRWalk,miRNA-mRNA,strict
1551523,hsa-miR-224-5p,TACC2,Homo sapiens,miRWalk,miRNA-mRNA,strict
1551561,hsa-miR-224-5p,TEAD1,Homo sapiens,RNAInter,miRNA-mRNA,strict
1551582,hsa-miR-224-5p,TFDP1,Homo sapiens,miRDB_6.0;RNAInter,miRNA-mRNA,strict
1551612,hsa-miR-224-5p,TLL1,Homo sapiens,RNAInter,miRNA-mRNA,strict
1551614,hsa-miR-224-5p,TLR2,Homo sapiens,miRWalk,miRNA-mRNA,strict
1551701,hsa-miR-224-5p,TOP2A,Homo sapiens,RNAInter,miRNA-mRNA,strict
1551714,hsa-miR-224-5p,TPP1,Homo sapiens,RNAInter,miRNA-mRNA,strict
1551721,hsa-miR-224-5p,TPX2,Homo sapiens,miRWalk,miRNA-mRNA,strict
1551732,hsa-miR-224-5p,TRIM2,Homo sapiens,RNAInter,miRNA-mRNA,strict
1551767,hsa-miR-224-5p,TST,Homo sapiens,miRWalk,miRNA-mRNA,strict
1551843,hsa-miR-224-5p,UNC13A,Homo sapiens,TargetSCAN_8.0,miRNA-mRNA,strict
1551845,hsa-miR-224-5p,UPF1,Homo sapiens,RNAInter,miRNA-mRNA,strict
1551866,hsa-miR-224-5p,VCAN,Homo sapiens,RNAInter,miRNA-mRNA,strict
1551926,hsa-miR-224-5p,XIST,Homo sapiens,NPInter_4.0,miRNA-lncRNA,strict
1552015,hsa-miR-224-5p,ZNF257,Homo sapiens,miRWalk,miRNA-mRNA,strict
1552053,hsa-miR-224-5p,ZNF521,Homo sapiens,miRWalk,miRNA-mRNA,strict
2486775,hsa-miR-363-3p,ACVR2B,Homo sapiens,miRWalk,miRNA-mRNA,strict
2486785,hsa-miR-363-3p,ADCY7,Homo sapiens,miRWalk,miRNA-mRNA,strict
2486861,hsa-miR-363-3p,ANTXR1,Homo sapiens,RNAInter,miRNA-mRNA,strict
2486875,hsa-miR-363-3p,APBB2,Homo sapiens,miRDB_6.0;RNAInter,miRNA-mRNA,strict
2486887,hsa-miR-363-3p,ARHGAP11A,Homo sapiens,RNAInter,miRNA-mRNA,strict
2486890,hsa-miR-363-3p,ARHGAP28,Homo sapiens,miRWalk,miRNA-mRNA,strict
2486894,hsa-miR-363-3p,ARHGAP42,Homo sapiens,RNAInter,miRNA-mRNA,strict
2487015,hsa-miR-363-3p,BTLA,Homo sapiens,RNAInter,miRNA-mRNA,strict
2487057,hsa-miR-363-3p,CABP1,Homo sapiens,miRWalk,miRNA-mRNA,strict
2487085,hsa-miR-363-3p,CBX6,Homo sapiens,miRWalk,miRNA-mRNA,strict
2487088,hsa-miR-363-3p,CCDC112,Homo sapiens,RNAInter,miRNA-mRNA,strict
2487092,hsa-miR-363-3p,CCDC171,Homo sapiens,RNAInter;miRTarBase_9.0,miRNA-mRNA,strict
2487124,hsa-miR-363-3p,CD59,Homo sapiens,RNAInter,miRNA-mRNA,strict
2487132,hsa-miR-363-3p,CDCA2,Homo sapiens,miRWalk,miRNA-mRNA,strict
2487148,hsa-miR-363-3p,CDKN1A,Homo sapiens,RNAInter;miRTarBase_9.0,miRNA-mRNA,strict
2487161,hsa-miR-363-3p,CENPT,Homo sapiens,miRWalk,miRNA-mRNA,strict
2487170,hsa-miR-363-3p,CFL2,Homo sapiens,RNAInter,miRNA-mRNA,strict
2487175,hsa-miR-363-3p,CHEK1,Homo sapiens,miRWalk,miRNA-mRNA,strict
2487176,hsa-miR-363-3p,CHERP,Homo sapiens,RNAInter,miRNA-mRNA,strict
2487208,hsa-miR-363-3p,CLSPN,Homo sapiens,RNAInter,miRNA-mRNA,strict
2487258,hsa-miR-363-3p,CSF2RA,Homo sapiens,miRWalk,miRNA-mRNA,strict
2487268,hsa-miR-363-3p,CTDSPL,Homo sapiens,RNAInter;miRTarBase_9.0,miRNA-mRNA,strict
2487276,hsa-miR-363-3p,CTTN,Homo sapiens,RNAInter,miRNA-mRNA,strict
2487291,hsa-miR-363-3p,CYB5A,Homo sapiens,RNAInter,miRNA-mRNA,strict
2487324,hsa-miR-363-3p,DDR2,Homo sapiens,miRWalk,miRNA-mRNA,strict
2487332,hsa-miR-363-3p,DENND4B,Homo sapiens,miRDB_6.0;RNAInter,miRNA-mRNA,strict
2487352,hsa-miR-363-3p,DLG5,Homo sapiens,RNAInter,miRNA-mRNA,strict
2487375,hsa-miR-363-3p,DTL,Homo sapiens,RNAInter;miRWalk,miRNA-mRNA,strict
2487441,hsa-miR-363-3p,EMP1,Homo sapiens,RNAInter,miRNA-mRNA,strict
2487451,hsa-miR-363-3p,EPB41L4A,Homo sapiens,RNAInter,miRNA-mRNA,strict
2487465,hsa-miR-363-3p,ERAP2,Homo sapiens,miRWalk,miRNA-mRNA,strict
2487519,hsa-miR-363-3p,FANCB,Homo sapiens,RNAInter;miRWalk,miRNA-mRNA,strict
2487706,hsa-miR-363-3p,GULP1,Homo sapiens,RNAInter;miRTarBase_9.0,miRNA-mRNA,strict
2487837,hsa-miR-363-3p,ITGB3,Homo sapiens,RNAInter,miRNA-mRNA,strict
2487840,hsa-miR-363-3p,ITPR1,Homo sapiens,miRDB_6.0;RNAInter;miRTarBase_9.0,miRNA-mRNA,strict
2487897,hsa-miR-363-3p,KLF5,Homo sapiens,RNAInter;miRWalk,miRNA-mRNA,strict
2487939,hsa-miR-363-3p,LHFPL2,Homo sapiens,miRDB_6.0;RNAInter;miRTarBase_9.0,miRNA-mRNA,strict
2487942,hsa-miR-363-3p,LIMCH1,Homo sapiens,miRDB_6.0,miRNA-mRNA,strict
2487964,hsa-miR-363-3p,LMO7,Homo sapiens,miRWalk,miRNA-mRNA,strict
2488005,hsa-miR-363-3p,MAGI2,Homo sapiens,miRWalk,miRNA-mRNA,strict
2488007,hsa-miR-363-3p,MALAT1,Homo sapiens,RNAInter;ENCORI,miRNA-lncRNA,strict
2488044,hsa-miR-363-3p,MCC,Homo sapiens,miRWalk,miRNA-mRNA,strict
2488111,hsa-miR-363-3p,MORC4,Homo sapiens,miRWalk,miRNA-mRNA,strict
2488115,hsa-miR-363-3p,MPDZ,Homo sapiens,RNAInter,miRNA-mRNA,strict
2488154,hsa-miR-363-3p,MYB,Homo sapiens,RNAInter,miRNA-mRNA,strict
2488157,hsa-miR-363-3p,MYH9,Homo sapiens,miRDB_6.0;RNAInter,miRNA-mRNA,strict
2488172,hsa-miR-363-3p,NAAA,Homo sapiens,RNAInter,miRNA-mRNA,strict
2488181,hsa-miR-363-3p,NAV3,Homo sapiens,RNAInter;miRWalk,miRNA-mRNA,strict
2488236,hsa-miR-363-3p,NKTR,Homo sapiens,RNAInter,miRNA-mRNA,strict
2488254,hsa-miR-363-3p,NOTCH1,Homo sapiens,RNAInter;miRTarBase_9.0,miRNA-mRNA,strict
2488271,hsa-miR-363-3p,NR2F1,Homo sapiens,miRWalk,miRNA-mRNA,strict
2488286,hsa-miR-363-3p,NSMCE2,Homo sapiens,RNAInter,miRNA-mRNA,strict
2488338,hsa-miR-363-3p,P4HA2,Homo sapiens,miRWalk,miRNA-mRNA,strict
2488344,hsa-miR-363-3p,PALLD,Homo sapiens,miRDB_6.0;RNAInter,miRNA-mRNA,strict
2488361,hsa-miR-363-3p,PAXBP1,Homo sapiens,miRDB_6.0;RNAInter,miRNA-mRNA,strict
2488364,hsa-miR-363-3p,PCBD2,Homo sapiens,miRTarBase_9.0,miRNA-mRNA,strict
2488379,hsa-miR-363-3p,PCSK5,Homo sapiens,RNAInter,miRNA-mRNA,strict
2488383,hsa-miR-363-3p,PDE10A,Homo sapiens,miRDB_6.0;RNAInter,miRNA-mRNA,strict
2488422,hsa-miR-363-3p,PHLDA1,Homo sapiens,RNAInter,miRNA-mRNA,strict
2488445,hsa-miR-363-3p,PITPNM2,Homo sapiens,miRDB_6.0;RNAInter,miRNA-mRNA,strict
2488481,hsa-miR-363-3p,POGLUT3,Homo sapiens,miRWalk,miRNA-mRNA,strict
2488505,hsa-miR-363-3p,PPM1H,Homo sapiens,RNAInter,miRNA-mRNA,strict
2488506,hsa-miR-363-3p,PPM1L,Homo sapiens,RNAInter,miRNA-mRNA,strict
2488516,hsa-miR-363-3p,PPP1R9A,Homo sapiens,RNAInter,miRNA-mRNA,strict
2488539,hsa-miR-363-3p,PRKAR2B,Homo sapiens,miRDB_6.0;RNAInter,miRNA-mRNA,strict
2488580,hsa-miR-363-3p,PTPRJ,Homo sapiens,miRDB_6.0;RNAInter,miRNA-mRNA,strict
2488582,hsa-miR-363-3p,PTPRM,Homo sapiens,RNAInter,miRNA-mRNA,strict
2488635,hsa-miR-363-3p,RBFOX2,Homo sapiens,RNAInter;miRTarBase_9.0,miRNA-mRNA,strict
2488655,hsa-miR-363-3p,REPIN1,Homo sapiens,miRWalk,miRNA-mRNA,strict
2488658,hsa-miR-363-3p,REXO1,Homo sapiens,miRDB_6.0;RNAInter,miRNA-mRNA,strict
2488671,hsa-miR-363-3p,RHOJ,Homo sapiens,miRWalk,miRNA-mRNA,strict
2488718,hsa-miR-363-3p,RPL26,Homo sapiens,miRWalk,miRNA-mRNA,strict
2488737,hsa-miR-363-3p,RUNX1T1,Homo sapiens,RNAInter,miRNA-mRNA,strict
2488769,hsa-miR-363-3p,SELENBP1,Homo sapiens,RNAInter,miRNA-mRNA,strict
2488790,hsa-miR-363-3p,SETD1B,Homo sapiens,RNAInter,miRNA-mRNA,strict
2488813,hsa-miR-363-3p,SHMT1,Homo sapiens,RNAInter,miRNA-mRNA,strict
2488876,hsa-miR-363-3p,SMAD3,Homo sapiens,RNAInter,miRNA-mRNA,strict
2488877,hsa-miR-363-3p,SMAD6,Homo sapiens,RNAInter,miRNA-mRNA,strict
2488919,hsa-miR-363-3p,SOCS6,Homo sapiens,miRDB_6.0;RNAInter,miRNA-mRNA,strict
2488921,hsa-miR-363-3p,SORBS2,Homo sapiens,miRWalk,miRNA-mRNA,strict
2488955,hsa-miR-363-3p,SRPRA,Homo sapiens,miRDB_6.0;RNAInter,miRNA-mRNA,strict
2489011,hsa-miR-363-3p,TACC2,Homo sapiens,miRDB_6.0;RNAInter,miRNA-mRNA,strict
2489047,hsa-miR-363-3p,TCFL5,Homo sapiens,RNAInter,miRNA-mRNA,strict
2489049,hsa-miR-363-3p,TEAD1,Homo sapiens,miRDB_6.0;RNAInter,miRNA-mRNA,strict
2489139,hsa-miR-363-3p,TPX2,Homo sapiens,RNAInter,miRNA-mRNA,strict
2489144,hsa-miR-363-3p,TRAK2,Homo sapiens,RNAInter;miRWalk,miRNA-mRNA,strict
2489153,hsa-miR-363-3p,TRIM13,Homo sapiens,miRWalk,miRNA-mRNA,strict
2489178,hsa-miR-363-3p,TSPAN18,Homo sapiens,miRWalk,miRNA-mRNA,strict
2489182,hsa-miR-363-3p,TTC9,Homo sapiens,miRDB_6.0;RNAInter,miRNA-mRNA,strict
2489248,hsa-miR-363-3p,VCL,Homo sapiens,RNAInter,miRNA-mRNA,strict
2489284,hsa-miR-363-3p,XIST,Homo sapiens,ENCORI,miRNA-lncRNA,strict
2489316,hsa-miR-363-3p,ZC2HC1A,Homo sapiens,miRDB_6.0;RNAInter,miRNA-mRNA,strict
2489318,hsa-miR-363-3p,ZC3HAV1L,Homo sapiens,RNAInter;miRTarBase_9.0,miRNA-mRNA,strict
2489351,hsa-miR-363-3p,ZNF142,Homo sapiens,RNAInter,miRNA-mRNA,strict
2489387,hsa-miR-363-3p,ZNF470,Homo sapiens,miRWalk,miRNA-mRNA,strict
2489393,hsa-miR-363-3p,ZNF521,Homo sapiens,miRDB_6.0;RNAInter,miRNA-mRNA,strict
2489434,hsa-miR-363-3p,ZSCAN12,Homo sapiens,RNAInter;miRTarBase_9.0,miRNA-mRNA,strict
5547703,hsa-miR-619-5p,ADGRA3,Homo sapiens,miRWalk,miRNA-mRNA,strict
5547754,hsa-miR-619-5p,AMPD2,Homo sapiens,miRWalk,miRNA-mRNA,strict
5547802,hsa-miR-619-5p,APBB2,Homo sapiens,miRWalk,miRNA-mRNA,strict
5547820,hsa-miR-619-5p,ARHGAP11A,Homo sapiens,miRWalk,miRNA-mRNA,strict
5547824,hsa-miR-619-5p,ARHGAP27,Homo sapiens,miRWalk,miRNA-mRNA,strict
5547825,hsa-miR-619-5p,ARHGAP28,Homo sapiens,miRWalk,miRNA-mRNA,strict
5547828,hsa-miR-619-5p,ARHGAP6,Homo sapiens,miRWalk,miRNA-mRNA,strict
5547841,hsa-miR-619-5p,ARL4A,Homo sapiens,miRWalk,miRNA-mRNA,strict
5547875,hsa-miR-619-5p,ASRGL1,Homo sapiens,miRWalk,miRNA-mRNA,strict
5547922,hsa-miR-619-5p,B3GNT5,Homo sapiens,miRWalk,miRNA-mRNA,strict
5547949,hsa-miR-619-5p,BEX1,Homo sapiens,miRWalk,miRNA-mRNA,strict
5547996,hsa-miR-619-5p,BUB1B,Homo sapiens,miRWalk,miRNA-mRNA,strict
5548066,hsa-miR-619-5p,CABP1,Homo sapiens,miRWalk,miRNA-mRNA,strict
5548073,hsa-miR-619-5p,CACNG8,Homo sapiens,miRDB_6.0,miRNA-mRNA,strict
5548115,hsa-miR-619-5p,CCDC112,Homo sapiens,miRWalk,miRNA-mRNA,strict
5548120,hsa-miR-619-5p,CCDC126,Homo sapiens,miRWalk,miRNA-mRNA,strict
5548131,hsa-miR-619-5p,CCDC30,Homo sapiens,RNAInter;miRTarBase_9.0,miRNA-mRNA,strict
5548151,hsa-miR-619-5p,CCR7,Homo sapiens,miRWalk,miRNA-mRNA,strict
5548181,hsa-miR-619-5p,CDCA2,Homo sapiens,miRWalk,miRNA-mRNA,strict
5548187,hsa-miR-619-5p,CDK1,Homo sapiens,miRWalk,miRNA-mRNA,strict
5548206,hsa-miR-619-5p,CEACAM8,Homo sapiens,miRWalk,miRNA-mRNA,strict
5548212,hsa-miR-619-5p,CENPI,Homo sapiens,miRWalk,miRNA-mRNA,strict
5548218,hsa-miR-619-5p,CEP112,Homo sapiens,miRWalk,miRNA-mRNA,strict
5548252,hsa-miR-619-5p,CHEK1,Homo sapiens,miRWalk,miRNA-mRNA,strict
5548301,hsa-miR-619-5p,CNKSR3,Homo sapiens,RNAInter;miRTarBase_9.0,miRNA-mRNA,strict
5548386,hsa-miR-619-5p,CTSA,Homo sapiens,miRDB_6.0;miRTarBase_9.0,miRNA-mRNA,strict
5548403,hsa-miR-619-5p,CYB5A,Homo sapiens,RNAInter;miRTarBase_9.0,miRNA-mRNA,strict
5548447,hsa-miR-619-5p,DDR2,Homo sapiens,miRWalk,miRNA-mRNA,strict
5548460,hsa-miR-619-5p,DEFA3,Homo sapiens,miRWalk,miRNA-mRNA,strict
5548507,hsa-miR-619-5p,DMTF1,Homo sapiens,miRWalk,miRNA-mRNA,strict
5548530,hsa-miR-619-5p,DPP6,Homo sapiens,miRWalk,miRNA-mRNA,strict
5548538,hsa-miR-619-5p,DST,Homo sapiens,miRWalk,miRNA-mRNA,strict
5548540,hsa-miR-619-5p,DTL,Homo sapiens,miRWalk,miRNA-mRNA,strict
5548649,hsa-miR-619-5p,F2RL3,Homo sapiens,RNAInter;miRTarBase_9.0,miRNA-mRNA,strict
5548702,hsa-miR-619-5p,FANCB,Homo sapiens,miRWalk,miRNA-mRNA,strict
5548706,hsa-miR-619-5p,FARP1,Homo sapiens,miRWalk,miRNA-mRNA,strict
5548735,hsa-miR-619-5p,FGF12,Homo sapiens,miRWalk,miRNA-mRNA,strict
5548742,hsa-miR-619-5p,FHDC1,Homo sapiens,RNAInter;miRTarBase_9.0,miRNA-mRNA,strict
5548750,hsa-miR-619-5p,FILIP1,Homo sapiens,miRWalk,miRNA-mRNA,strict
5548757,hsa-miR-619-5p,FLACC1,Homo sapiens,miRWalk,miRNA-mRNA,strict
5548847,hsa-miR-619-5p,GIGYF1,Homo sapiens,miRWalk,miRNA-mRNA,strict
5548874,hsa-miR-619-5p,GNAZ,Homo sapiens,miRWalk,miRNA-mRNA,strict
5548876,hsa-miR-619-5p,GNB5,Homo sapiens,RNAInter;miRTarBase_9.0,miRNA-mRNA,strict
5548887,hsa-miR-619-5p,GORASP1,Homo sapiens,miRWalk,miRNA-mRNA,strict
5548900,hsa-miR-619-5p,GPR137,Homo sapiens,miRWalk,miRNA-mRNA,strict
5548961,hsa-miR-619-5p,GYPA,Homo sapiens,miRWalk,miRNA-mRNA,strict
5548962,hsa-miR-619-5p,GYPE,Homo sapiens,miRWalk,miRNA-mRNA,strict
5549021,hsa-miR-619-5p,HMGN5,Homo sapiens,RNAInter;miRTarBase_9.0,miRNA-mRNA,strict
5549035,hsa-miR-619-5p,HOPX,Homo sapiens,miRWalk,miRNA-mRNA,strict
5549110,hsa-miR-619-5p,IL6R,Homo sapiens,RNAInter;miRTarBase_9.0,miRNA-mRNA,strict
5549117,hsa-miR-619-5p,INHBA,Homo sapiens,miRWalk,miRNA-mRNA,strict
5549147,hsa-miR-619-5p,ITGA1,Homo sapiens,miRDB_6.0,miRNA-mRNA,strict
5549152,hsa-miR-619-5p,ITSN1,Homo sapiens,miRWalk,miRNA-mRNA,strict
5549187,hsa-miR-619-5p,KCTD3,Homo sapiens,miRWalk,miRNA-mRNA,strict
5549245,hsa-miR-619-5p,KRT23,Homo sapiens,miRWalk,miRNA-mRNA,strict
5549283,hsa-miR-619-5p,LHFPL2,Homo sapiens,miRWalk,miRNA-mRNA,strict
5549291,hsa-miR-619-5p,LILRB1,Homo sapiens,miRWalk,miRNA-mRNA,strict
5549292,hsa-miR-619-5p,LIMA1,Homo sapiens,miRWalk,miRNA-mRNA,strict
5549300,hsa-miR-619-5p,LIPA,Homo sapiens,miRWalk,miRNA-mRNA,strict
5549323,hsa-miR-619-5p,LPAR5,Homo sapiens,miRWalk,miRNA-mRNA,strict
5549387,hsa-miR-619-5p,MAGI1,Homo sapiens,miRWalk,miRNA-mRNA,strict
5549388,hsa-miR-619-5p,MAGI2,Homo sapiens,miRWalk,miRNA-mRNA,strict
5549394,hsa-miR-619-5p,MAN1A2,Homo sapiens,miRWalk,miRNA-mRNA,strict
5549432,hsa-miR-619-5p,MECOM,Homo sapiens,miRWalk,miRNA-mRNA,strict
5549440,hsa-miR-619-5p,MEIS2,Homo sapiens,miRWalk,miRNA-mRNA,strict
5549442,hsa-miR-619-5p,MET,Homo sapiens,miRWalk,miRNA-mRNA,strict
5549453,hsa-miR-619-5p,MFSD2A,Homo sapiens,RNAInter;miRWalk;miRTarBase_9.0,miRNA-mRNA,strict
5549460,hsa-miR-619-5p,MGST1,Homo sapiens,miRWalk,miRNA-mRNA,strict
5549539,hsa-miR-619-5p,MYCL,Homo sapiens,miRDB_6.0,miRNA-mRNA,strict
5549555,hsa-miR-619-5p,MYRIP,Homo sapiens,miRWalk,miRNA-mRNA,strict
5549567,hsa-miR-619-5p,NAV3,Homo sapiens,miRWalk,miRNA-mRNA,strict
5549581,hsa-miR-619-5p,NDRG2,Homo sapiens,miRWalk,miRNA-mRNA,strict
5549618,hsa-miR-619-5p,NIBAN3,Homo sapiens,miRWalk,miRNA-mRNA,strict
5549677,hsa-miR-619-5p,NSMCE2,Homo sapiens,miRWalk,miRNA-mRNA,strict
5549758,hsa-miR-619-5p,P2RY1,Homo sapiens,miRWalk,miRNA-mRNA,strict
5549764,hsa-miR-619-5p,PAG1,Homo sapiens,miRDB_6.0,miRNA-mRNA,strict
5549766,hsa-miR-619-5p,PALLD,Homo sapiens,miRWalk,miRNA-mRNA,strict
5549799,hsa-miR-619-5p,PDE10A,Homo sapiens,miRWalk,miRNA-mRNA,strict
5550032,hsa-miR-619-5p,PTGIS,Homo sapiens,RNAInter;miRTarBase_9.0,miRNA-mRNA,strict
5550040,hsa-miR-619-5p,PTPN21,Homo sapiens,miRWalk,miRNA-mRNA,strict
5550049,hsa-miR-619-5p,PYCR2,Homo sapiens,miRWalk,miRNA-mRNA,strict
5550053,hsa-miR-619-5p,R3HCC1,Homo sapiens,miRWalk,miRNA-mRNA,strict
5550061,hsa-miR-619-5p,RAB27B,Homo sapiens,miRWalk,miRNA-mRNA,strict
5550096,hsa-miR-619-5p,RASSF8,Homo sapiens,miRWalk,miRNA-mRNA,strict
5550121,hsa-miR-619-5p,RELL1,Homo sapiens,miRWalk,miRNA-mRNA,strict
5550123,hsa-miR-619-5p,REPIN1,Homo sapiens,miRWalk,miRNA-mRNA,strict
5550154,hsa-miR-619-5p,RHOJ,Homo sapiens,miRWalk,miRNA-mRNA,strict
5550172,hsa-miR-619-5p,RNF152,Homo sapiens,RNAInter;miRTarBase_9.0,miRNA-mRNA,strict
5550191,hsa-miR-619-5p,RPL26,Homo sapiens,miRWalk,miRNA-mRNA,strict
5550221,hsa-miR-619-5p,RUNDC3A,Homo sapiens,miRWalk,miRNA-mRNA,strict
5550223,hsa-miR-619-5p,RUNX1T1,Homo sapiens,miRWalk,miRNA-mRNA,strict
5550278,hsa-miR-619-5p,SELPLG,Homo sapiens,miRWalk,miRNA-mRNA,strict
5550279,hsa-miR-619-5p,SEMA3D,Homo sapiens,miRWalk,miRNA-mRNA,strict
5550320,hsa-miR-619-5p,SHANK2,Homo sapiens,miRWalk,miRNA-mRNA,strict
5550327,hsa-miR-619-5p,SHMT1,Homo sapiens,miRWalk,miRNA-mRNA,strict
5550420,hsa-miR-619-5p,SLC9A6,Homo sapiens,miRWalk,miRNA-mRNA,strict
5550461,hsa-miR-619-5p,SOCS6,Homo sapiens,miRWalk,miRNA-mRNA,strict
5550464,hsa-miR-619-5p,SORBS2,Homo sapiens,miRWalk,miRNA-mRNA,strict
5550469,hsa-miR-619-5p,SOX6,Homo sapiens,miRWalk,miRNA-mRNA,strict
5550508,hsa-miR-619-5p,SPN,Homo sapiens,miRDB_6.0,miRNA-mRNA,strict
5550526,hsa-miR-619-5p,SRPRA,Homo sapiens,miRWalk,miRNA-mRNA,strict
5550553,hsa-miR-619-5p,STIM1,Homo sapiens,miRWalk,miRNA-mRNA,strict
5550576,hsa-miR-619-5p,SULF1,Homo sapiens,miRWalk,miRNA-mRNA,strict
5550595,hsa-miR-619-5p,TACC2,Homo sapiens,miRWalk,miRNA-mRNA,strict
5550619,hsa-miR-619-5p,TBCA,Homo sapiens,miRWalk,miRNA-mRNA,strict
5550625,hsa-miR-619-5p,TBXA2R,Homo sapiens,miRTarBase_9.0,miRNA-mRNA,strict
5550629,hsa-miR-619-5p,TCEAL3,Homo sapiens,miRWalk,miRNA-mRNA,strict
5550630,hsa-miR-619-5p,TCEAL4,Homo sapiens,miRWalk,miRNA-mRNA,strict
5550638,hsa-miR-619-5p,TCHH,Homo sapiens,miRWalk,miRNA-mRNA,strict
5550648,hsa-miR-619-5p,TEAD2,Homo sapiens,miRWalk,miRNA-mRNA,strict
5550651,hsa-miR-619-5p,TEK,Homo sapiens,miRWalk,miRNA-mRNA,strict
5550704,hsa-miR-619-5p,TLL1,Homo sapiens,miRWalk,miRNA-mRNA,strict
5550801,hsa-miR-619-5p,TRIM13,Homo sapiens,miRWalk,miRNA-mRNA,strict
5550852,hsa-miR-619-5p,TTC14,Homo sapiens,miRWalk,miRNA-mRNA,strict
5550876,hsa-miR-619-5p,UACA,Homo sapiens,RNAInter;miRTarBase_9.0,miRNA-mRNA,strict
5550927,hsa-miR-619-5p,USP53,Homo sapiens,miRWalk,miRNA-mRNA,strict
5551070,hsa-miR-619-5p,ZNF257,Homo sapiens,miRTarBase_9.0,miRNA-mRNA,strict
5551113,hsa-miR-619-5p,ZNF569,Homo sapiens,miRWalk,miRNA-mRNA,strict
5551170,hsa-miR-619-5p,ZNF865,Homo sapiens,miRDB_6.0;RNAInter;miRTarBase_9.0,miRNA-mRNA,strict
7832287,hsa-miR-93-3p,ACP5,Homo sapiens,miRWalk,miRNA-mRNA,strict
7832295,hsa-miR-93-3p,ACTN1,Homo sapiens,RNAInter;miRTarBase_9.0,miRNA-mRNA,strict
7832311,hsa-miR-93-3p,ADAMTS9,Homo sapiens,miRWalk,miRNA-mRNA,strict
7832317,hsa-miR-93-3p,ADCY7,Homo sapiens,miRWalk,miRNA-mRNA,strict
7832328,hsa-miR-93-3p,ADGRL3,Homo sapiens,miRWalk,miRNA-mRNA,strict
7832332,hsa-miR-93-3p,ADPGK,Homo sapiens,miRWalk,miRNA-mRNA,strict
7832402,hsa-miR-93-3p,ANTXR1,Homo sapiens,miRWalk,miRNA-mRNA,strict
7832439,hsa-miR-93-3p,ARHGAP11A,Homo sapiens,miRWalk,miRNA-mRNA,strict
7832444,hsa-miR-93-3p,ARHGAP28,Homo sapiens,miRWalk,miRNA-mRNA,strict
7832447,hsa-miR-93-3p,ARHGAP42,Homo sapiens,RNAInter;miRTarBase_9.0,miRNA-mRNA,strict
7832462,hsa-miR-93-3p,ARL4A,Homo sapiens,miRWalk,miRNA-mRNA,strict
7832537,hsa-miR-93-3p,B3GNT5,Homo sapiens,miRWalk,miRNA-mRNA,strict
7832598,hsa-miR-93-3p,BPGM,Homo sapiens,miRWalk,miRNA-mRNA,strict
7832612,hsa-miR-93-3p,BTNL9,Homo sapiens,miRWalk,miRNA-mRNA,strict
7832665,hsa-miR-93-3p,CA1,Homo sapiens,miRWalk,miRNA-mRNA,strict
7832673,hsa-miR-93-3p,CABP1,Homo sapiens,miRWalk,miRNA-mRNA,strict
7832686,hsa-miR-93-3p,CAMKMT,Homo sapiens,miRWalk,miRNA-mRNA,strict
7832712,hsa-miR-93-3p,CCDC112,Homo sapiens,miRWalk,miRNA-mRNA,strict
7832723,hsa-miR-93-3p,CCDC30,Homo sapiens,miRWalk,miRNA-mRNA,strict
7832750,hsa-miR-93-3p,CD14,Homo sapiens,miRWalk,miRNA-mRNA,strict
7832780,hsa-miR-93-3p,CDCA2,Homo sapiens,miRWalk,miRNA-mRNA,strict
7832791,hsa-miR-93-3p,CDK1,Homo sapiens,miRWalk,miRNA-mRNA,strict
7832800,hsa-miR-93-3p,CDKN1A,Homo sapiens,miRWalk,miRNA-mRNA,strict
7832805,hsa-miR-93-3p,CEACAM1,Homo sapiens,miRWalk,miRNA-mRNA,strict
7832809,hsa-miR-93-3p,CEBPZOS,Homo sapiens,miRDB_6.0,miRNA-mRNA,strict
7832815,hsa-miR-93-3p,CENPF,Homo sapiens,RNAInter;miRTarBase_9.0,miRNA-mRNA,strict
7832816,hsa-miR-93-3p,CENPI,Homo sapiens,miRWalk,miRNA-mRNA,strict
7832833,hsa-miR-93-3p,CFP,Homo sapiens,miRWalk,miRNA-mRNA,strict
7832836,hsa-miR-93-3p,CHAF1A,Homo sapiens,miRWalk,miRNA-mRNA,strict
7832843,hsa-miR-93-3p,CHEK1,Homo sapiens,miRWalk,miRNA-mRNA,strict
7832858,hsa-miR-93-3p,CHST15,Homo sapiens,miRWalk,miRNA-mRNA,strict
7832878,hsa-miR-93-3p,CLDN5,Homo sapiens,miRWalk,miRNA-mRNA,strict
7832887,hsa-miR-93-3p,CLEC5A,Homo sapiens,miRWalk,miRNA-mRNA,strict
7832910,hsa-miR-93-3p,CNN3,Homo sapiens,miRWalk,miRNA-mRNA,strict
7832998,hsa-miR-93-3p,CYB5A,Homo sapiens,miRWalk,miRNA-mRNA,strict
7833002,hsa-miR-93-3p,CYBC1,Homo sapiens,miRWalk,miRNA-mRNA,strict
7833021,hsa-miR-93-3p,DBF4B,Homo sapiens,miRWalk,miRNA-mRNA,strict
7833048,hsa-miR-93-3p,DENND1C,Homo sapiens,miRWalk,miRNA-mRNA,strict
7833080,hsa-miR-93-3p,DLGAP5,Homo sapiens,miRWalk,miRNA-mRNA,strict
7833090,hsa-miR-93-3p,DMTF1,Homo sapiens,miRWalk,miRNA-mRNA,strict
7833127,hsa-miR-93-3p,DSE,Homo sapiens,miRWalk,miRNA-mRNA,strict
7833190,hsa-miR-93-3p,ENAH,Homo sapiens,RNAInter;miRTarBase_9.0,miRNA-mRNA,strict
7833194,hsa-miR-93-3p,ENO2,Homo sapiens,RNAInter;miRTarBase_9.0,miRNA-mRNA,strict
7833211,hsa-miR-93-3p,ERAP2,Homo sapiens,miRWalk,miRNA-mRNA,strict
7833284,hsa-miR-93-3p,FANCB,Homo sapiens,miRWalk,miRNA-mRNA,strict
7833290,hsa-miR-93-3p,FARP1,Homo sapiens,miRWalk,miRNA-mRNA,strict
7833294,hsa-miR-93-3p,FAT4,Homo sapiens,miRWalk,miRNA-mRNA,strict
7833335,hsa-miR-93-3p,FKBP3,Homo sapiens,RNAInter;miRTarBase_9.0,miRNA-mRNA,strict
7833449,hsa-miR-93-3p,GORASP1,Homo sapiens,miRWalk,miRNA-mRNA,strict
7833461,hsa-miR-93-3p,GPR137,Homo sapiens,miRWalk,miRNA-mRNA,strict
7833481,hsa-miR-93-3p,GPT2,Homo sapiens,miRWalk,miRNA-mRNA,strict
7833517,hsa-miR-93-3p,GULP1,Homo sapiens,miRWalk,miRNA-mRNA,strict
7833544,hsa-miR-93-3p,HEMGN,Homo sapiens,miRWalk,miRNA-mRNA,strict
7833564,hsa-miR-93-3p,HLF,Homo sapiens,miRWalk,miRNA-mRNA,strict
7833572,hsa-miR-93-3p,HMMR,Homo sapiens,RNAInter;miRTarBase_9.0,miRNA-mRNA,strict
7833580,hsa-miR-93-3p,HOPX,Homo sapiens,miRWalk,miRNA-mRNA,strict
7833626,hsa-miR-93-3p,IGHM,Homo sapiens,RNAInter,miRNA-mRNA,strict
7833640,hsa-miR-93-3p,IL1R1,Homo sapiens,miRWalk,miRNA-mRNA,strict
7833676,hsa-miR-93-3p,IRS1,Homo sapiens,miRWalk,miRNA-mRNA,strict
7833686,hsa-miR-93-3p,ITGB5,Homo sapiens,miRWalk,miRNA-mRNA,strict
7833692,hsa-miR-93-3p,ITPR1,Homo sapiens,miRWalk,miRNA-mRNA,strict
7833694,hsa-miR-93-3p,ITSN1,Homo sapiens,miRWalk,miRNA-mRNA,strict
7833728,hsa-miR-93-3p,KCNN3,Homo sapiens,miRWalk,miRNA-mRNA,strict
7833751,hsa-miR-93-3p,KIAA1217,Homo sapiens,miRWalk,miRNA-mRNA,strict
7833758,hsa-miR-93-3p,KIF14,Homo sapiens,miRWalk,miRNA-mRNA,strict
7833762,hsa-miR-93-3p,KIF3C,Homo sapiens,miRWalk,miRNA-mRNA,strict
7833768,hsa-miR-93-3p,KIZ,Homo sapiens,miRWalk,miRNA-mRNA,strict
7833803,hsa-miR-93-3p,L3MBTL4,Homo sapiens,miRWalk,miRNA-mRNA,strict
7833805,hsa-miR-93-3p,LAMB1,Homo sapiens,miRWalk,miRNA-mRNA,strict
7833826,hsa-miR-93-3p,LHFPL2,Homo sapiens,miRWalk,miRNA-mRNA,strict
7833830,hsa-miR-93-3p,LILRB1,Homo sapiens,miRWalk,miRNA-mRNA,strict
7833831,hsa-miR-93-3p,LILRB2,Homo sapiens,miRWalk,miRNA-mRNA,strict
7833833,hsa-miR-93-3p,LIMA1,Homo sapiens,miRWalk,miRNA-mRNA,strict
7833834,hsa-miR-93-3p,LIMCH1,Homo sapiens,miRWalk,miRNA-mRNA,strict
7833835,hsa-miR-93-3p,LIMS1,Homo sapiens,miRWalk,miRNA-mRNA,strict
7833845,hsa-miR-93-3p,LMO7,Homo sapiens,miRWalk,miRNA-mRNA,strict
7833928,hsa-miR-93-3p,MAGI2,Homo sapiens,miRWalk,miRNA-mRNA,strict
7833978,hsa-miR-93-3p,MECOM,Homo sapiens,miRWalk,miRNA-mRNA,strict
7833982,hsa-miR-93-3p,MEIS2,Homo sapiens,miRWalk,miRNA-mRNA,strict
7833984,hsa-miR-93-3p,MET,Homo sapiens,miRWalk,miRNA-mRNA,strict
7833989,hsa-miR-93-3p,METTL5,Homo sapiens,miRWalk,miRNA-mRNA,strict
7834001,hsa-miR-93-3p,MGST1,Homo sapiens,miRWalk,miRNA-mRNA,strict
7834048,hsa-miR-93-3p,MRPL22,Homo sapiens,miRWalk,miRNA-mRNA,strict
7834113,hsa-miR-93-3p,NBPF1,Homo sapiens,miRWalk,miRNA-mRNA,strict
7834122,hsa-miR-93-3p,NCSTN,Homo sapiens,RNAInter;miRTarBase_9.0,miRNA-mRNA,strict
7834124,hsa-miR-93-3p,NDRG2,Homo sapiens,miRWalk,miRNA-mRNA,strict
7834226,hsa-miR-93-3p,NSRP1,Homo sapiens,miRWalk,miRNA-mRNA,strict
7834240,hsa-miR-93-3p,NUP210,Homo sapiens,miRWalk,miRNA-mRNA,strict
7834261,hsa-miR-93-3p,OGT,Homo sapiens,miRDB_6.0,miRNA-mRNA,strict
7834311,hsa-miR-93-3p,P4HA2,Homo sapiens,miRWalk,miRNA-mRNA,strict
7834315,hsa-miR-93-3p,PAG1,Homo sapiens,miRWalk,miRNA-mRNA,strict
7834321,hsa-miR-93-3p,PALLD,Homo sapiens,miRWalk,miRNA-mRNA,strict
7834338,hsa-miR-93-3p,PAXBP1,Homo sapiens,miRWalk,miRNA-mRNA,strict
7834344,hsa-miR-93-3p,PCDH17,Homo sapiens,miRWalk,miRNA-mRNA,strict
7834356,hsa-miR-93-3p,PCSK5,Homo sapiens,miRWalk,miRNA-mRNA,strict
7834373,hsa-miR-93-3p,PEAR1,Homo sapiens,RNAInter;miRTarBase_9.0,miRNA-mRNA,strict
7834396,hsa-miR-93-3p,PHLDB1,Homo sapiens,miRDB_6.0,miRNA-mRNA,strict
7834408,hsa-miR-93-3p,PIGS,Homo sapiens,miRWalk,miRNA-mRNA,strict
7834465,hsa-miR-93-3p,POGLUT3,Homo sapiens,miRWalk,miRNA-mRNA,strict
7834492,hsa-miR-93-3p,PPM1L,Homo sapiens,miRWalk,miRNA-mRNA,strict
7834514,hsa-miR-93-3p,PRC1,Homo sapiens,miRWalk,miRNA-mRNA,strict
7834528,hsa-miR-93-3p,PRKAR2B,Homo sapiens,miRWalk,miRNA-mRNA,strict
7834598,hsa-miR-93-3p,PTPRM,Homo sapiens,miRWalk,miRNA-mRNA,strict
7834621,hsa-miR-93-3p,RAB13,Homo sapiens,RNAInter;miRWalk;miRTarBase_9.0,miRNA-mRNA,strict
7834663,hsa-miR-93-3p,RASSF8,Homo sapiens,miRWalk,miRNA-mRNA,strict
7834778,hsa-miR-93-3p,RUBCNL,Homo sapiens,miRWalk,miRNA-mRNA,strict
7834830,hsa-miR-93-3p,SELENBP1,Homo sapiens,miRWalk,miRNA-mRNA,strict
7834889,hsa-miR-93-3p,SHMT1,Homo sapiens,miRWalk,miRNA-mRNA,strict
7834923,hsa-miR-93-3p,SLC25A22,Homo sapiens,miRWalk,miRNA-mRNA,strict
7834925,hsa-miR-93-3p,SLC25A25,Homo sapiens,miRWalk,miRNA-mRNA,strict
7834973,hsa-miR-93-3p,SLC9A6,Homo sapiens,miRWalk,miRNA-mRNA,strict
7835018,hsa-miR-93-3p,SORBS2,Homo sapiens,miRDB_6.0;miRWalk,miRNA-mRNA,strict
7835021,hsa-miR-93-3p,SOX6,Homo sapiens,miRDB_6.0,miRNA-mRNA,strict
7835027,hsa-miR-93-3p,SPAG16,Homo sapiens,miRWalk,miRNA-mRNA,strict
7835047,hsa-miR-93-3p,SPINT2,Homo sapiens,miRWalk,miRNA-mRNA,strict
7835085,hsa-miR-93-3p,STIM1,Homo sapiens,miRWalk,miRNA-mRNA,strict
7835130,hsa-miR-93-3p,TACC2,Homo sapiens,miRWalk,miRNA-mRNA,strict
7835135,hsa-miR-93-3p,TAF13,Homo sapiens,miRWalk,miRNA-mRNA,strict
7835166,hsa-miR-93-3p,TCEAL9,Homo sapiens,miRWalk,miRNA-mRNA,strict
7835232,hsa-miR-93-3p,TLR5,Homo sapiens,miRWalk,miRNA-mRNA,strict
7835236,hsa-miR-93-3p,TMC8,Homo sapiens,miRWalk,miRNA-mRNA,strict
7835331,hsa-miR-93-3p,TRIM13,Homo sapiens,miRWalk,miRNA-mRNA,strict
7835333,hsa-miR-93-3p,TRIM2,Homo sapiens,miRWalk,miRNA-mRNA,strict
7835379,hsa-miR-93-3p,TSPAN18,Homo sapiens,miRWalk,miRNA-mRNA,strict
7835466,hsa-miR-93-3p,USP53,Homo sapiens,miRWalk,miRNA-mRNA,strict
7835643,hsa-miR-93-3p,ZNF568,Homo sapiens,miRWalk,miRNA-mRNA,strict
