,mirnaid,refseqid,genesymbol,duplex,start,end,bindingp,energy,seed,accessibility,au,phylopstem,phylopflank,me,number_of_pairings,binding_region_length,longest_consecutive_pairings,position,validated,TargetScan,miRDB
41,hsa-miR-485-5p,NM_001330753,PPARGC1A,AGAGGCTGGCCGTGATGAATTC#ATTCATGGGTGTCAGCTTTG#.(((((((((..(.((((((..#)))))).)..))))))))).,2776,2796,1.0,-18.3,1,0.000411159,0.559,2.8444564444444445,2.99001405625,-10.82174253988423,16,20,9,3UTR,MIRT731335,1,1
42,hsa-miR-6884-5p,NM_001330753,PPARGC1A,AGAGGCTGAGAAGGTGATGTTG#AAGGAAACCTTTTCATGCCTTTA#(((((((((((((((.......#.))))))))).)))))).,5899,5922,0.9615384615384616,-20.6,1,0.0006317222,0.632,6.637208124999999,6.317087562499999,-4.170623526505279,15,18,9,3UTR,,1,1
239,hsa-miR-320b,NM_001353130,PBX1,AAAAGCTGGGTTGAGAGGGCAA#TTGCCCTATTCATTCCAGG#.....(((((.(((((((((((#))))))).)))).))))).,1836,1855,1.0,-22.3,0,0.009520635,0.471,0.4262183916666667,0.7952990025000001,-16.49037411886075,16,19,7,3UTR,,1,1
240,hsa-miR-320b,NM_001353131,PBX1,AAAAGCTGGGTTGAGAGGGCAA#CCAGTCTCAGCTCAGCC#....((((((((((((.((...#))..)))))))))))).,2611,2628,1.0,-22.0,0,0.07996063,0.485,2.232688975,2.227544835,-9.546562468637928,14,17,12,3UTR,,1,1
241,hsa-miR-320c,NM_001353131,PBX1,AAAAGCTGGGTTGAGAGGGT#ACCAGTCTCAGCTCAGCC#....((((((((((((.(((#)))..)))))))))))).,2610,2628,1.0,-23.3,0,0.07996063,0.485,2.232688975,2.227544835,-9.546562468637928,15,18,12,3UTR,,1,1
242,hsa-miR-320d,NM_001353131,PBX1,AAAAGCTGGGTTGAGAGGA#CCAGTCTCAGCTCAGCC#....((((((((((((((.#))..)))))))))))).,2611,2628,0.9615384615384616,-21.3,0,0.07996063,0.485,2.3191784562500004,2.327261815,-9.546562468637928,14,17,12,3UTR,,1,1
243,hsa-miR-4429,NM_001353131,PBX1,AAAAGCTGGGCTGAGAGGCG#CACCAGTCTCAGCTCAGCC#....((((((((((((((.(#).))..)))))))))))).,2609,2628,1.0,-23.0,0,0.07996063,0.485,2.3191784562500004,2.327261815,-9.546562468637928,15,19,12,3UTR,,1,1
244,hsa-miR-4429,NM_001353131,PBX1,AAAAGCTGGGCTGAGAGGCG#GCCTCTCTTCCGGA#.....(((((..(((((((.#))))))).))))).,1823,1837,1.0,-20.7,0,0.00234893,0.574,1.2202854285714284,1.7369329112499994,-19.837177428457107,12,14,7,3UTR,,1,1
569,hsa-miR-139-5p,NM_001369007,AP1S2,TCTACAGTGCACGTGTCTCCAGT#GCTGGAGTACTGACATGCATCAAAATGTAGT#.((((((((((.(((((((((((#))))))).))..)).))))).....))))).,616,647,1.0,-20.8,1,0.002683494,0.662,0.0,0.0,-7.140128146953473,21,31,7,3UTR,,1,1
570,hsa-miR-139-5p,NM_001369008,AP1S2,TCTACAGTGCACGTGTCTCCAGT#GCTGGAGTACTGACATGCATCAAAATGTAGT#.((((((((((.(((((((((((#))))))).))..)).))))).....))))).,1133,1164,1.0,-20.8,1,0.002683494,0.662,0.0,0.0,-7.140128146953473,21,31,7,3UTR,,1,1
652,hsa-miR-30d-5p,XM_017019947,CACNA1C,TGTAAACATCCCCGACTGGAAG#CTCACAGTGGGGGTGGGAACAG#(((...(((((((.((((..((#))..)))))))))))...))).,9312,9334,1.0,-20.8,0,0.0008976476,0.441,0.0,0.0,-13.84643257468678,16,22,11,3UTR,,1,1
653,hsa-miR-365a-3p,XM_017019947,CACNA1C,TAATGCCCCTAAAAATCCTTAT#GATTTTTGTGGGGGCATC#..(((((((((((((((.....#))))))..))))))))).,9333,9351,1.0,-18.9,1,4.779131e-05,0.515,0.0,0.0,-4.95700071937229,15,18,9,3UTR,,1,1
654,hsa-miR-365b-3p,XM_017019947,CACNA1C,TAATGCCCCTAAAAATCCTTAT#GATTTTTGTGGGGGCATC#..(((((((((((((((.....#))))))..))))))))).,9333,9351,1.0,-18.9,1,4.779131e-05,0.515,0.0,0.0,-4.95700071937229,15,18,9,3UTR,,1,1
655,hsa-miR-30d-5p,XM_017019953,CACNA1C,TGTAAACATCCCCGACTGGAAG#CTCACAGTGGGGGTGGGAACAG#(((...(((((((.((((..((#))..)))))))))))...))).,9234,9256,1.0,-20.8,0,0.0008976476,0.441,0.0,0.0,-13.84643257468678,16,22,11,3UTR,,1,1
656,hsa-miR-365a-3p,XM_017019953,CACNA1C,TAATGCCCCTAAAAATCCTTAT#GATTTTTGTGGGGGCATC#..(((((((((((((((.....#))))))..))))))))).,9255,9273,1.0,-18.9,1,4.779131e-05,0.515,0.0,0.0,-4.95700071937229,15,18,9,3UTR,,1,1
657,hsa-miR-365b-3p,XM_017019953,CACNA1C,TAATGCCCCTAAAAATCCTTAT#GATTTTTGTGGGGGCATC#..(((((((((((((((.....#))))))..))))))))).,9255,9273,1.0,-18.9,1,4.779131e-05,0.515,0.0,0.0,-4.95700071937229,15,18,9,3UTR,,1,1
658,hsa-miR-30d-5p,XM_017019954,CACNA1C,TGTAAACATCCCCGACTGGAAG#CTCACAGTGGGGGTGGGAACAG#(((...(((((((.((((..((#))..)))))))))))...))).,9234,9256,1.0,-20.8,0,0.0008976476,0.441,0.0,0.0,-13.84643257468678,16,22,11,3UTR,,1,1
659,hsa-miR-365a-3p,XM_017019954,CACNA1C,TAATGCCCCTAAAAATCCTTAT#GATTTTTGTGGGGGCATC#..(((((((((((((((.....#))))))..))))))))).,9255,9273,1.0,-18.9,1,4.779131e-05,0.515,0.0,0.0,-4.95700071937229,15,18,9,3UTR,,1,1
660,hsa-miR-365b-3p,XM_017019954,CACNA1C,TAATGCCCCTAAAAATCCTTAT#GATTTTTGTGGGGGCATC#..(((((((((((((((.....#))))))..))))))))).,9255,9273,1.0,-18.9,1,4.779131e-05,0.515,0.0,0.0,-4.95700071937229,15,18,9,3UTR,,1,1
774,hsa-miR-15b-5p,XM_024453532,MYLK,TAGCAGCACATCATGGTTTACA#TGTAAACCAGGATTCTTATTTGTGCTGTTAT#((((((((((((.(((((((((#))))))))).))........)))))))))).,6845,6876,1.0,-24.4,1,0.001482944,0.632,0.0,0.0,-5.226705058867908,21,31,10,3UTR,,1,1
775,hsa-miR-15b-5p,XM_024453534,MYLK,TAGCAGCACATCATGGTTTACA#TGTAAACCAGGATTCTTATTTGTGCTGTTAT#((((((((((((.(((((((((#))))))))).))........)))))))))).,6482,6513,1.0,-24.4,1,0.001482944,0.632,0.0,0.0,-5.226705058867908,21,31,10,3UTR,,1,1
776,hsa-miR-15b-5p,XM_024453537,MYLK,TAGCAGCACATCATGGTTTACA#TGTAAACCAGGATTCTTATTTGTGCTGTTAT#((((((((((((.(((((((((#))))))))).))........)))))))))).,6759,6790,1.0,-24.4,1,0.001482944,0.632,0.0,0.0,-5.226705058867908,21,31,10,3UTR,,1,1
1764,hsa-miR-30d-5p,NM_199460,CACNA1C,TGTAAACATCCCCGACTGGAAG#CTCACAGTGGGGGTGGGAACAG#(((...(((((((.((((..((#))..)))))))))))...))).,9686,9708,1.0,-20.8,0,0.0008976476,0.441,0.0,0.0,-13.84643257468678,16,22,11,3UTR,,1,1
1765,hsa-miR-365a-3p,NM_199460,CACNA1C,TAATGCCCCTAAAAATCCTTAT#GATTTTTGTGGGGGCATC#..(((((((((((((((.....#))))))..))))))))).,9707,9725,1.0,-18.9,1,4.779131e-05,0.515,0.0,0.0,-4.95700071937229,15,18,9,3UTR,,1,1
1766,hsa-miR-365b-3p,NM_199460,CACNA1C,TAATGCCCCTAAAAATCCTTAT#GATTTTTGTGGGGGCATC#..(((((((((((((((.....#))))))..))))))))).,9707,9725,1.0,-18.9,1,4.779131e-05,0.515,0.0,0.0,-4.95700071937229,15,18,9,3UTR,,1,1
1779,hsa-miR-320b,NM_202002,FOXM1,AAAAGCTGGGTTGAGAGGGCAA#TTGCCCCTCAGCTTTGCAAAGAGCCACCCTAGGCCCCAGCTG#...((((((((((((.((((((#))))))))))).......................))))))).,3561,3603,1.0,-25.7,0,0.0002654141,0.382,0.0,0.0,-6.747589273982352,18,42,11,3UTR,,1,1
1780,hsa-miR-320b,NM_202003,FOXM1,AAAAGCTGGGTTGAGAGGGCAA#TTGCCCCTCAGCTTTGCAAAGAGCCACCCTAGGCCCCAGCTG#...((((((((((((.((((((#))))))))))).......................))))))).,3402,3444,1.0,-25.7,0,0.0002654141,0.382,0.0579717028571428,1.4404447175,-6.747589273982352,18,42,11,3UTR,,1,1
3607,hsa-miR-877-5p,NM_001270572,CSNK1G3,GTAGAGGAGATGGCGCAGGG#CCATTTCCTCTAA#.((((((((((((.......#)))))))))))).,3908,3921,1.0,-18.6,1,0.0475279,0.676,1.4859945833333332,2.057381325,-5.618663395431772,12,13,12,3UTR,,1,1
4787,hsa-miR-181a-5p,NM_001143887,COPS2,AACATTCAACGCTGTCGGTGAGT#GCCAGAACATAGACAGCTAAATGAATGTTA#((((((((..((((((.(((...#.))).))))))....)))))))).,2283,2313,1.0,-19.5,1,0.00791865,0.618,0.189248875,-0.2061921899999999,-6.236470572775607,17,24,8,3UTR,MIRT025181,1,1
5042,hsa-miR-204-5p,NM_001163264,PCYT1B,TTCCCTTTGTCATCCTATGCCT#GCCTTCTAGGTGACAAGGGGAC#.(((((((((((.((((.....#.))))))))))))))).,2890,2912,1.0,-22.9,1,0.001025486,0.441,-0.4256942818181818,0.14850158125,-5.08245545002336,15,17,15,3UTR,,1,1
5043,hsa-miR-204-5p,NM_001163264,PCYT1B,TTCCCTTTGTCATCCTATGCCT#AGGCAAGGGAAGGTGGCGGGAACAAGGGAAG#((((((((((((((((.(((((#))))).))))...))))).....))))))).,3297,3328,1.0,-23.7,1,0.01875014,0.412,1.0084551666666663,1.0754946725,-3.937574446201665,21,31,7,3UTR,,1,1
5044,hsa-miR-204-5p,NM_001163265,PCYT1B,TTCCCTTTGTCATCCTATGCCT#GCCTTCTAGGTGACAAGGGGAC#.(((((((((((.((((.....#.))))))))))))))).,2606,2628,1.0,-22.9,1,0.001025486,0.441,0.1099380818181818,0.5924113375,-5.08245545002336,15,17,15,3UTR,,1,1
5166,hsa-let-7b-5p,NM_001165931,RRM2,TGAGGTAGTAGGTTGTGTGGTT#ATGCAGCCTCACTGCTTCAA#((((((((((((((((((....#))))))))).))))))))).,1723,1743,1.0,-23.1,1,0.001472693,0.632,0.6516859621052632,0.4850904629999998,-3.937574446201665,18,20,9,3UTR,MIRT005050,1,1
5196,hsa-miR-30d-5p,NM_001167623,CACNA1C,TGTAAACATCCCCGACTGGAAG#CTCACAGTGGGGGTGGGAACAG#(((...(((((((.((((..((#))..)))))))))))...))).,9437,9459,1.0,-20.8,0,0.0008976476,0.441,0.0,0.0,-13.84643257468678,16,22,11,3UTR,,1,1
5197,hsa-miR-365a-3p,NM_001167623,CACNA1C,TAATGCCCCTAAAAATCCTTAT#GATTTTTGTGGGGGCATC#..(((((((((((((((.....#))))))..))))))))).,9458,9476,1.0,-18.9,1,4.779131e-05,0.515,0.0,0.0,-4.95700071937229,15,18,9,3UTR,,1,1
5198,hsa-miR-365b-3p,NM_001167623,CACNA1C,TAATGCCCCTAAAAATCCTTAT#GATTTTTGTGGGGGCATC#..(((((((((((((((.....#))))))..))))))))).,9458,9476,1.0,-18.9,1,4.779131e-05,0.515,0.0,0.0,-4.95700071937229,15,18,9,3UTR,,1,1
5199,hsa-miR-29a-3p,NM_001167624,CACNA1C,TAGCACCATCTGAAATCGGTTA#CAGGTGGTGCTGA#((((((((((((..........#)))))))))))).,7768,7781,1.0,-20.6,1,1.940188e-05,0.353,1.6656923499999998,0.7261149874999999,-7.052043616942562,12,13,12,3UTR,MIRT732349,1,1
5200,hsa-miR-30c-5p,NM_001167624,CACNA1C,TGTAAACATCCTACACTCTCAGC#GCGGGAGGGGAGGAAGAAGAGTGTTTACAA#((((((((((((...(((((.((#)))))))...)))).......)))))))).,7889,7919,1.0,-19.3,1,0.02125892,0.471,0.917377642105263,0.7334685675000001,-6.818994536638949,19,30,8,3UTR,,1,1
5201,hsa-miR-365a-3p,NM_001167624,CACNA1C,TAATGCCCCTAAAAATCCTTAT#GATTTTTGTGGGGGCATC#..(((((((((((((((.....#))))))..))))))))).,9563,9581,1.0,-18.9,1,4.779131e-05,0.515,-0.1678376294117647,-0.0267366124999999,-4.95700071937229,15,18,9,3UTR,,1,1
5202,hsa-miR-365b-3p,NM_001167624,CACNA1C,TAATGCCCCTAAAAATCCTTAT#GATTTTTGTGGGGGCATC#..(((((((((((((((.....#))))))..))))))))).,9563,9581,1.0,-18.9,1,4.779131e-05,0.515,-0.1678376294117647,-0.0267366124999999,-4.95700071937229,15,18,9,3UTR,,1,1
5203,hsa-miR-30d-5p,NM_001167625,CACNA1C,TGTAAACATCCCCGACTGGAAG#CTCACAGTGGGGGTGGGAACAG#(((...(((((((.((((..((#))..)))))))))))...))).,9617,9639,1.0,-20.8,0,0.0008976476,0.441,0.0,0.0,-13.84643257468678,16,22,11,3UTR,,1,1
5204,hsa-miR-365a-3p,NM_001167625,CACNA1C,TAATGCCCCTAAAAATCCTTAT#GATTTTTGTGGGGGCATC#..(((((((((((((((.....#))))))..))))))))).,9638,9656,1.0,-18.9,1,4.779131e-05,0.515,0.0,0.0,-4.95700071937229,15,18,9,3UTR,,1,1
5205,hsa-miR-365b-3p,NM_001167625,CACNA1C,TAATGCCCCTAAAAATCCTTAT#GATTTTTGTGGGGGCATC#..(((((((((((((((.....#))))))..))))))))).,9638,9656,1.0,-18.9,1,4.779131e-05,0.515,0.0,0.0,-4.95700071937229,15,18,9,3UTR,,1,1
5481,hsa-miR-204-5p,NM_004845,PCYT1B,TTCCCTTTGTCATCCTATGCCT#GCCTTCTAGGTGACAAGGGGAC#.(((((((((((.((((.....#.))))))))))))))).,2931,2953,1.0,-22.9,1,0.001025486,0.441,0.1923436454545455,-0.0844860537499999,-5.08245545002336,15,17,15,3UTR,,1,1
5482,hsa-miR-204-5p,NM_004845,PCYT1B,TTCCCTTTGTCATCCTATGCCT#AGGCAAGGGAAGGTGGCGGGAACAAGGGAAG#((((((((((((((((.(((((#))))).))))...))))).....))))))).,3338,3369,1.0,-23.7,1,0.01875014,0.412,1.0533046249999998,0.957939075,-3.937574446201665,21,31,7,3UTR,,1,1
5729,hsa-miR-16-5p,NM_006136,CAPZA2,TAGCAGCACGTAAATATTGGCG#GTTGATGGATTTAGCCATATATGCTGCTAA#((((((((.(((.....((((.#.))))))).)))))))).,1300,1330,1.0,-18.7,1,0.01124555,0.632,2.9822511250000003,1.6351160875,-8.108433275188325,15,18,8,3UTR,MIRT031933,1,1
5730,hsa-miR-15b-5p,NM_006136,CAPZA2,TAGCAGCACATCATGGTTTACA#AGCCATATATGCTGCTAA#((((((((.((.((((((....#)))))))).)))))))).,1312,1330,1.0,-18.6,1,0.01124555,0.632,2.4462813750000003,1.43412766175,-8.340767414043784,16,18,8,3UTR,MIRT319333,1,1
5747,hsa-miR-15b-5p,NM_006258,PRKG1,TAGCAGCACATCATGGTTTACA#TGAGGGAAAGAGAGAAGATTAGTGCTCGGGGTCACCATGATGCCTTTGATCGATGCTGCTC#.((((((((((((((((.....#.)))))))))...........))))))).,2233,2294,1.0,-22.1,1,0.0009198541,0.485,3.422824641111111,4.629139017499999,-3.793324837357118,16,29,9,3UTR,,1,1
6008,hsa-miR-6884-5p,NM_013261,PPARGC1A,AGAGGCTGAGAAGGTGATGTTG#AAGGAAACCTTTTCATGCCTTTA#(((((((((((((((.......#.))))))))).)))))).,5850,5873,0.9615384615384616,-20.6,1,0.0006317222,0.632,6.271339187499999,5.892855,-4.170623526505279,15,18,9,3UTR,,1,1
6101,hsa-miR-363-3p,NM_001781,CD69,AATTGCACGGTATCCATCTGTA#TATAGAATGGAACTCAAGGAAATCTGTGTCAGTGGATGCTGCTCTGTGGTC#.(((((((((((((((.(((..#.))))))))))))...)))))).,709,760,1.0,-17.8,1,0.0003097122,0.544,0.7624388111111112,0.2135312575,-3.793324837357118,18,23,12,3UTR,,1,1
6102,hsa-miR-20b-5p,NM_001781,CD69,CAAAGTGCTCATAGTGCAGGTAG#CTATGGAAAAAAAGGAAGAAATTCCAGGAAAATCTGCACTGTGGGCT#......(((((((((((((((..#.))))))))))))))).,829,876,1.0,-26.0,0,0.004888457,0.588,-0.0041461533333333,0.13102670125,-15.566558404643448,15,17,15,3UTR,,1,1
6184,hsa-miR-194-5p,NM_002207,ITGA9,TGTAACAGCAACTCCATGTGGA#CCACATGAGCAGCTGTATACC#.((((((((..((.(((((((.#)))))))))..))))).))).,6106,6127,1.0,-20.7,1,0.0142528,0.5,0.0,0.0,-8.717445698616054,17,21,9,3UTR,MIRT005895,1,1
6245,hsa-let-7b-5p,NM_002585,PBX1,TGAGGTAGTAGGTTGTGTGGTT#AGCCACCCTTCCCTGCCTCC#.(((((((..((..(.((((((#)))))).)..))))))))).,2143,2163,1.0,-20.8,1,0.04171289,0.471,0.0,0.0,-8.471240574421323,16,20,9,3UTR,,1,1
6246,hsa-miR-320b,NM_002585,PBX1,AAAAGCTGGGTTGAGAGGGCAA#TGCCTCCAGCTGTCAGCCTGGTTTTC#.(((((((((((((.((((((.#)))).....)).))))))))))))).,2156,2182,1.0,-23.7,1,0.00769447,0.382,0.0,0.0,-4.528774397607753,19,26,13,3UTR,,1,1
6247,hsa-miR-4429,NM_002585,PBX1,AAAAGCTGGGCTGAGAGGCG#TGCCTCCAGCTGTCAGCCTGGTTTTC#.(((((((((((((((((((#))))))......))))))))))))).,2156,2182,1.0,-25.4,1,0.00769447,0.382,0.0,0.0,-3.793324837357118,19,26,13,3UTR,,1,1
6388,hsa-let-7b-5p,NM_003246,THBS1,TGAGGTAGTAGGTTGTGTGGTT#GACACAATCTCGGCTCACTGCAACCTCTGCCTCC#.(((((((.(((((((((((((#.))).))).)))))))))))))).,7302,7336,1.0,-26.0,1,0.004866994,0.412,0.0,0.0,-4.849714495602881,20,24,14,3UTR,MIRT001586,1,1
6509,hsa-miR-181a-5p,NM_004236,COPS2,AACATTCAACGCTGTCGGTGAGT#TTCACTTTAAACGAATATGCCAGAACATAGACAGCTAAATGAATGTTA#((((((((..((((((.(((...#.))).))))))....)))))))).,2244,2292,1.0,-19.5,1,0.00791865,0.618,0.0,0.0,-6.236470572775607,17,24,8,3UTR,MIRT025181,1,1
6510,hsa-miR-320b,NM_004236,COPS2,AAAAGCTGGGTTGAGAGGGCAA#GCCACCACGCCCAGCTA#...(((((((.((.(..(((..#)))..).))))))))).,5062,5079,1.0,-21.3,0,0.03974154,0.544,0.0,0.0,-10.42920366691311,13,17,9,3UTR,,1,1
6511,hsa-miR-4429,NM_004236,COPS2,AAAAGCTGGGCTGAGAGGCG#CGCCACCACGCCCAGCTA#...((((((((((.(.((((#)))).))).)))))))).,5061,5079,0.9807692307692308,-24.2,0,0.03974154,0.544,0.0,0.0,-7.604429191502758,15,18,8,3UTR,,1,1
6815,hsa-miR-877-5p,XM_005271892,CSNK1G3,GTAGAGGAGATGGCGCAGGG#CTTGCTCTTTCCCATTTCCTCTAA#.((((((((((((.(((((.#)))))......)))))))))))).,4384,4408,1.0,-22.6,1,0.0475279,0.676,0.0,0.0,-4.650164754877524,17,24,12,3UTR,,1,1
6880,hsa-miR-30d-5p,XM_006719017,CACNA1C,TGTAAACATCCCCGACTGGAAG#CTCACAGTGGGGGTGGGAACAG#(((...(((((((.((((..((#))..)))))))))))...))).,9234,9256,1.0,-20.8,0,0.0008976476,0.441,0.0,0.0,-13.84643257468678,16,22,11,3UTR,,1,1
6881,hsa-miR-365a-3p,XM_006719017,CACNA1C,TAATGCCCCTAAAAATCCTTAT#GATTTTTGTGGGGGCATC#..(((((((((((((((.....#))))))..))))))))).,9255,9273,1.0,-18.9,1,4.779131e-05,0.515,0.0,0.0,-4.95700071937229,15,18,9,3UTR,,1,1
6882,hsa-miR-365b-3p,XM_006719017,CACNA1C,TAATGCCCCTAAAAATCCTTAT#GATTTTTGTGGGGGCATC#..(((((((((((((((.....#))))))..))))))))).,9255,9273,1.0,-18.9,1,4.779131e-05,0.515,0.0,0.0,-4.95700071937229,15,18,9,3UTR,,1,1
6960,hsa-miR-30d-5p,XM_011521020,CACNA1C,TGTAAACATCCCCGACTGGAAG#CTCACAGTGGGGGTGGGAACAG#(((...(((((((.((((..((#))..)))))))))))...))).,9309,9331,1.0,-20.8,0,0.0008976476,0.441,0.0,0.0,-13.84643257468678,16,22,11,3UTR,,1,1
6961,hsa-miR-365a-3p,XM_011521020,CACNA1C,TAATGCCCCTAAAAATCCTTAT#GATTTTTGTGGGGGCATC#..(((((((((((((((.....#))))))..))))))))).,9330,9348,1.0,-18.9,1,4.779131e-05,0.515,0.0,0.0,-4.95700071937229,15,18,9,3UTR,,1,1
6962,hsa-miR-365b-3p,XM_011521020,CACNA1C,TAATGCCCCTAAAAATCCTTAT#GATTTTTGTGGGGGCATC#..(((((((((((((((.....#))))))..))))))))).,9330,9348,1.0,-18.9,1,4.779131e-05,0.515,0.0,0.0,-4.95700071937229,15,18,9,3UTR,,1,1
6963,hsa-miR-30d-5p,XM_011521023,CACNA1C,TGTAAACATCCCCGACTGGAAG#CTCACAGTGGGGGTGGGAACAG#(((...(((((((.((((..((#))..)))))))))))...))).,9512,9534,1.0,-20.8,0,0.0008976476,0.441,0.0,0.0,-13.84643257468678,16,22,11,3UTR,,1,1
6964,hsa-miR-365a-3p,XM_011521023,CACNA1C,TAATGCCCCTAAAAATCCTTAT#GATTTTTGTGGGGGCATC#..(((((((((((((((.....#))))))..))))))))).,9533,9551,1.0,-18.9,1,4.779131e-05,0.515,0.0,0.0,-4.95700071937229,15,18,9,3UTR,,1,1
6965,hsa-miR-365b-3p,XM_011521023,CACNA1C,TAATGCCCCTAAAAATCCTTAT#GATTTTTGTGGGGGCATC#..(((((((((((((((.....#))))))..))))))))).,9533,9551,1.0,-18.9,1,4.779131e-05,0.515,0.0,0.0,-4.95700071937229,15,18,9,3UTR,,1,1
7149,hsa-miR-15b-5p,XM_017006470,MYLK,TAGCAGCACATCATGGTTTACA#TGTAAACCAGGATTCTTATTTGTGCTGTTAT#((((((((((((.(((((((((#))))))))).))........)))))))))).,3063,3094,1.0,-24.4,1,0.001482944,0.632,0.0,0.0,-5.226705058867908,21,31,10,3UTR,,1,1
7150,hsa-miR-15b-5p,XM_017006471,MYLK,TAGCAGCACATCATGGTTTACA#TGTAAACCAGGATTCTTATTTGTGCTGTTAT#((((((((((((.(((((((((#))))))))).))........)))))))))).,3066,3097,1.0,-24.4,1,0.001482944,0.632,0.0,0.0,-5.226705058867908,21,31,10,3UTR,,1,1
7151,hsa-miR-15b-5p,XM_017006472,MYLK,TAGCAGCACATCATGGTTTACA#TGTAAACCAGGATTCTTATTTGTGCTGTTAT#((((((((((((.(((((((((#))))))))).))........)))))))))).,1346,1377,1.0,-24.4,1,0.001482944,0.632,0.0,0.0,-5.226705058867908,21,31,10,3UTR,,1,1
7152,hsa-miR-15b-5p,XM_017006473,MYLK,TAGCAGCACATCATGGTTTACA#TGTAAACCAGGATTCTTATTTGTGCTGTTAT#((((((((((((.(((((((((#))))))))).))........)))))))))).,1343,1374,1.0,-24.4,1,0.001482944,0.632,0.0,0.0,-5.226705058867908,21,31,10,3UTR,,1,1
7213,hsa-miR-92a-3p,XM_017013958,CCNE2,TATTGCACTTGTCCCGGCCTGT#GGACTGGATAAGTGCT#....((((((((.((((((...#)).)))))))))))).,1831,1847,1.0,-19.7,0,0.0007459202,0.618,0.0,0.0,-10.835693081304171,14,16,12,3UTR,,1,1
7229,hsa-miR-877-5p,NM_001044723,CSNK1G3,GTAGAGGAGATGGCGCAGGG#CCATTTCCTCTAA#.((((((((((((.......#)))))))))))).,4001,4014,1.0,-18.6,1,0.0475279,0.676,1.4859945833333332,2.057381325,-5.618663395431772,12,13,12,3UTR,,1,1
7313,hsa-miR-15b-5p,NM_001098512,PRKG1,TAGCAGCACATCATGGTTTACA#TGAGGGAAAGAGAGAAGATTAGTGCTCGGGGTCACCATGATGCCTTTGATCGATGCTGCTC#.((((((((((((((((.....#.)))))))))...........))))))).,2575,2636,1.0,-22.1,1,0.0009198541,0.485,3.422824641111111,4.629139017499999,-3.793324837357118,16,29,9,3UTR,,1,1
7568,hsa-miR-29a-3p,NM_001129827,CACNA1C,TAGCACCATCTGAAATCGGTTA#CAGGTGGTGCTGA#((((((((((((..........#)))))))))))).,7807,7820,1.0,-20.6,1,1.940188e-05,0.353,1.2174409333333331,0.4613656699999999,-7.052043616942562,12,13,12,3UTR,MIRT732349,1,1
7569,hsa-miR-30c-5p,NM_001129827,CACNA1C,TGTAAACATCCTACACTCTCAGC#GCGGGAGGGGAGGAAGAAGAGTGTTTACAA#((((((((((((...(((((.((#)))))))...)))).......)))))))).,7928,7958,1.0,-19.3,1,0.02125892,0.471,1.987875010526316,0.9919139100000002,-6.818994536638949,19,30,8,3UTR,,1,1
7570,hsa-miR-30d-5p,NM_001129829,CACNA1C,TGTAAACATCCCCGACTGGAAG#CTCACAGTGGGGGTGGGAACAG#(((...(((((((.((((..((#))..)))))))))))...))).,9560,9582,1.0,-20.8,0,0.0008976476,0.441,0.0,0.0,-13.84643257468678,16,22,11,3UTR,,1,1
7571,hsa-miR-365a-3p,NM_001129829,CACNA1C,TAATGCCCCTAAAAATCCTTAT#GATTTTTGTGGGGGCATC#..(((((((((((((((.....#))))))..))))))))).,9581,9599,1.0,-18.9,1,4.779131e-05,0.515,0.0,0.0,-4.95700071937229,15,18,9,3UTR,,1,1
7572,hsa-miR-365b-3p,NM_001129829,CACNA1C,TAATGCCCCTAAAAATCCTTAT#GATTTTTGTGGGGGCATC#..(((((((((((((((.....#))))))..))))))))).,9581,9599,1.0,-18.9,1,4.779131e-05,0.515,0.0,0.0,-4.95700071937229,15,18,9,3UTR,,1,1
7573,hsa-miR-29a-3p,NM_001129830,CACNA1C,TAGCACCATCTGAAATCGGTTA#CAGGTGGTGCTGA#((((((((((((..........#)))))))))))).,7768,7781,1.0,-20.6,1,1.940188e-05,0.353,1.2174409333333331,0.4613656699999999,-7.052043616942562,12,13,12,3UTR,MIRT732349,1,1
7574,hsa-miR-30c-5p,NM_001129830,CACNA1C,TGTAAACATCCTACACTCTCAGC#GCGGGAGGGGAGGAAGAAGAGTGTTTACAA#((((((((((((...(((((.((#)))))))...)))).......)))))))).,7889,7919,1.0,-19.3,1,0.02125892,0.471,1.987875010526316,0.9919139100000002,-6.818994536638949,19,30,8,3UTR,,1,1
7575,hsa-miR-30d-5p,NM_001129831,CACNA1C,TGTAAACATCCCCGACTGGAAG#CTCACAGTGGGGGTGGGAACAG#(((...(((((((.((((..((#))..)))))))))))...))).,9521,9543,1.0,-20.8,0,0.0008976476,0.441,0.0,0.0,-13.84643257468678,16,22,11,3UTR,,1,1
7576,hsa-miR-365a-3p,NM_001129831,CACNA1C,TAATGCCCCTAAAAATCCTTAT#GATTTTTGTGGGGGCATC#..(((((((((((((((.....#))))))..))))))))).,9542,9560,1.0,-18.9,1,4.779131e-05,0.515,0.0,0.0,-4.95700071937229,15,18,9,3UTR,,1,1
7577,hsa-miR-365b-3p,NM_001129831,CACNA1C,TAATGCCCCTAAAAATCCTTAT#GATTTTTGTGGGGGCATC#..(((((((((((((((.....#))))))..))))))))).,9542,9560,1.0,-18.9,1,4.779131e-05,0.515,0.0,0.0,-4.95700071937229,15,18,9,3UTR,,1,1
7578,hsa-miR-30d-5p,NM_001129832,CACNA1C,TGTAAACATCCCCGACTGGAAG#CTCACAGTGGGGGTGGGAACAG#(((...(((((((.((((..((#))..)))))))))))...))).,9497,9519,1.0,-20.8,0,0.0008976476,0.441,0.0,0.0,-13.84643257468678,16,22,11,3UTR,,1,1
7579,hsa-miR-365a-3p,NM_001129832,CACNA1C,TAATGCCCCTAAAAATCCTTAT#GATTTTTGTGGGGGCATC#..(((((((((((((((.....#))))))..))))))))).,9518,9536,1.0,-18.9,1,4.779131e-05,0.515,0.0,0.0,-4.95700071937229,15,18,9,3UTR,,1,1
7580,hsa-miR-365b-3p,NM_001129832,CACNA1C,TAATGCCCCTAAAAATCCTTAT#GATTTTTGTGGGGGCATC#..(((((((((((((((.....#))))))..))))))))).,9518,9536,1.0,-18.9,1,4.779131e-05,0.515,0.0,0.0,-4.95700071937229,15,18,9,3UTR,,1,1
7581,hsa-miR-29a-3p,NM_001129833,CACNA1C,TAGCACCATCTGAAATCGGTTA#CAGGTGGTGCTGA#((((((((((((..........#)))))))))))).,7720,7733,1.0,-20.6,1,1.940188e-05,0.353,0.4470082333333334,1.0496965625,-7.052043616942562,12,13,12,3UTR,MIRT732349,1,1
7582,hsa-miR-30c-5p,NM_001129833,CACNA1C,TGTAAACATCCTACACTCTCAGC#GCGGGAGGGGAGGAAGAAGAGTGTTTACAA#((((((((((((...(((((.((#)))))))...)))).......)))))))).,7841,7871,1.0,-19.3,1,0.02125892,0.471,0.9439176,0.7460760575000001,-6.818994536638949,19,30,8,3UTR,,1,1
7583,hsa-miR-30d-5p,NM_001129833,CACNA1C,TGTAAACATCCCCGACTGGAAG#CTCACAGTGGGGGTGGGAACAG#(((...(((((((.((((..((#))..)))))))))))...))).,9494,9516,1.0,-20.8,0,0.0008976476,0.441,-0.3401587142857142,-0.06162142,-13.84643257468678,16,22,11,3UTR,,1,1
7584,hsa-miR-30d-5p,NM_001129834,CACNA1C,TGTAAACATCCCCGACTGGAAG#CTCACAGTGGGGGTGGGAACAG#(((...(((((((.((((..((#))..)))))))))))...))).,9494,9516,1.0,-20.8,0,0.0008976476,0.441,0.0,0.0,-13.84643257468678,16,22,11,3UTR,,1,1
7585,hsa-miR-365a-3p,NM_001129834,CACNA1C,TAATGCCCCTAAAAATCCTTAT#GATTTTTGTGGGGGCATC#..(((((((((((((((.....#))))))..))))))))).,9515,9533,1.0,-18.9,1,4.779131e-05,0.515,0.0,0.0,-4.95700071937229,15,18,9,3UTR,,1,1
7586,hsa-miR-365b-3p,NM_001129834,CACNA1C,TAATGCCCCTAAAAATCCTTAT#GATTTTTGTGGGGGCATC#..(((((((((((((((.....#))))))..))))))))).,9515,9533,1.0,-18.9,1,4.779131e-05,0.515,0.0,0.0,-4.95700071937229,15,18,9,3UTR,,1,1
7587,hsa-miR-29a-3p,NM_001129835,CACNA1C,TAGCACCATCTGAAATCGGTTA#CAGGTGGTGCTGA#((((((((((((..........#)))))))))))).,7720,7733,1.0,-20.6,1,1.940188e-05,0.353,0.4470082333333334,1.0496965625,-7.052043616942562,12,13,12,3UTR,MIRT732349,1,1
7588,hsa-miR-30c-5p,NM_001129835,CACNA1C,TGTAAACATCCTACACTCTCAGC#GCGGGAGGGGAGGAAGAAGAGTGTTTACAA#((((((((((((...(((((.((#)))))))...)))).......)))))))).,7841,7871,1.0,-19.3,1,0.02125892,0.471,0.9439176,0.7460760575000001,-6.818994536638949,19,30,8,3UTR,,1,1
7589,hsa-miR-30d-5p,NM_001129835,CACNA1C,TGTAAACATCCCCGACTGGAAG#CTCACAGTGGGGGTGGGAACAG#(((...(((((((.((((..((#))..)))))))))))...))).,9494,9516,1.0,-20.8,0,0.0008976476,0.441,-0.3401587142857142,-0.06162142,-13.84643257468678,16,22,11,3UTR,,1,1
7590,hsa-miR-30d-5p,NM_001129836,CACNA1C,TGTAAACATCCCCGACTGGAAG#CTCACAGTGGGGGTGGGAACAG#(((...(((((((.((((..((#))..)))))))))))...))).,9488,9510,1.0,-20.8,0,0.0008976476,0.441,0.0,0.0,-13.84643257468678,16,22,11,3UTR,,1,1
7591,hsa-miR-365a-3p,NM_001129836,CACNA1C,TAATGCCCCTAAAAATCCTTAT#GATTTTTGTGGGGGCATC#..(((((((((((((((.....#))))))..))))))))).,9509,9527,1.0,-18.9,1,4.779131e-05,0.515,0.0,0.0,-4.95700071937229,15,18,9,3UTR,,1,1
7592,hsa-miR-365b-3p,NM_001129836,CACNA1C,TAATGCCCCTAAAAATCCTTAT#GATTTTTGTGGGGGCATC#..(((((((((((((((.....#))))))..))))))))).,9509,9527,1.0,-18.9,1,4.779131e-05,0.515,0.0,0.0,-4.95700071937229,15,18,9,3UTR,,1,1
7593,hsa-miR-29a-3p,NM_001129837,CACNA1C,TAGCACCATCTGAAATCGGTTA#CAGGTGGTGCTGA#((((((((((((..........#)))))))))))).,7687,7700,1.0,-20.6,1,1.940188e-05,0.353,0.4470082333333334,1.0496965625,-7.052043616942562,12,13,12,3UTR,MIRT732349,1,1
7594,hsa-miR-30c-5p,NM_001129837,CACNA1C,TGTAAACATCCTACACTCTCAGC#GCGGGAGGGGAGGAAGAAGAGTGTTTACAA#((((((((((((...(((((.((#)))))))...)))).......)))))))).,7808,7838,1.0,-19.3,1,0.02125892,0.471,0.9439176,0.7460760575000001,-6.818994536638949,19,30,8,3UTR,,1,1
7595,hsa-miR-30d-5p,NM_001129837,CACNA1C,TGTAAACATCCCCGACTGGAAG#CTCACAGTGGGGGTGGGAACAG#(((...(((((((.((((..((#))..)))))))))))...))).,9461,9483,1.0,-20.8,0,0.0008976476,0.441,-0.3401587142857142,-0.06162142,-13.84643257468678,16,22,11,3UTR,,1,1
7596,hsa-miR-30d-5p,NM_001129838,CACNA1C,TGTAAACATCCCCGACTGGAAG#CTCACAGTGGGGGTGGGAACAG#(((...(((((((.((((..((#))..)))))))))))...))).,9461,9483,1.0,-20.8,0,0.0008976476,0.441,0.0,0.0,-13.84643257468678,16,22,11,3UTR,,1,1
7597,hsa-miR-365a-3p,NM_001129838,CACNA1C,TAATGCCCCTAAAAATCCTTAT#GATTTTTGTGGGGGCATC#..(((((((((((((((.....#))))))..))))))))).,9482,9500,1.0,-18.9,1,4.779131e-05,0.515,0.0,0.0,-4.95700071937229,15,18,9,3UTR,,1,1
7598,hsa-miR-365b-3p,NM_001129838,CACNA1C,TAATGCCCCTAAAAATCCTTAT#GATTTTTGTGGGGGCATC#..(((((((((((((((.....#))))))..))))))))).,9482,9500,1.0,-18.9,1,4.779131e-05,0.515,0.0,0.0,-4.95700071937229,15,18,9,3UTR,,1,1
7599,hsa-miR-30d-5p,NM_001129839,CACNA1C,TGTAAACATCCCCGACTGGAAG#CTCACAGTGGGGGTGGGAACAG#(((...(((((((.((((..((#))..)))))))))))...))).,9455,9477,1.0,-20.8,0,0.0008976476,0.441,0.0,0.0,-13.84643257468678,16,22,11,3UTR,,1,1
7600,hsa-miR-365a-3p,NM_001129839,CACNA1C,TAATGCCCCTAAAAATCCTTAT#GATTTTTGTGGGGGCATC#..(((((((((((((((.....#))))))..))))))))).,9476,9494,1.0,-18.9,1,4.779131e-05,0.515,0.0,0.0,-4.95700071937229,15,18,9,3UTR,,1,1
7601,hsa-miR-365b-3p,NM_001129839,CACNA1C,TAATGCCCCTAAAAATCCTTAT#GATTTTTGTGGGGGCATC#..(((((((((((((((.....#))))))..))))))))).,9476,9494,1.0,-18.9,1,4.779131e-05,0.515,0.0,0.0,-4.95700071937229,15,18,9,3UTR,,1,1
7602,hsa-miR-30d-5p,NM_001129840,CACNA1C,TGTAAACATCCCCGACTGGAAG#CTCACAGTGGGGGTGGGAACAG#(((...(((((((.((((..((#))..)))))))))))...))).,9437,9459,1.0,-20.8,0,0.0008976476,0.441,0.0,0.0,-13.84643257468678,16,22,11,3UTR,,1,1
7603,hsa-miR-365a-3p,NM_001129840,CACNA1C,TAATGCCCCTAAAAATCCTTAT#GATTTTTGTGGGGGCATC#..(((((((((((((((.....#))))))..))))))))).,9458,9476,1.0,-18.9,1,4.779131e-05,0.515,0.0,0.0,-4.95700071937229,15,18,9,3UTR,,1,1
7604,hsa-miR-365b-3p,NM_001129840,CACNA1C,TAATGCCCCTAAAAATCCTTAT#GATTTTTGTGGGGGCATC#..(((((((((((((((.....#))))))..))))))))).,9458,9476,1.0,-18.9,1,4.779131e-05,0.515,0.0,0.0,-4.95700071937229,15,18,9,3UTR,,1,1
7605,hsa-miR-29a-3p,NM_001129841,CACNA1C,TAGCACCATCTGAAATCGGTTA#CAGGTGGTGCTGA#((((((((((((..........#)))))))))))).,7663,7676,1.0,-20.6,1,1.940188e-05,0.353,0.4470082333333334,1.0496965625,-7.052043616942562,12,13,12,3UTR,MIRT732349,1,1
7606,hsa-miR-30c-5p,NM_001129841,CACNA1C,TGTAAACATCCTACACTCTCAGC#GCGGGAGGGGAGGAAGAAGAGTGTTTACAA#((((((((((((...(((((.((#)))))))...)))).......)))))))).,7784,7814,1.0,-19.3,1,0.02125892,0.471,0.9439176,0.7460760575000001,-6.818994536638949,19,30,8,3UTR,,1,1
7607,hsa-miR-30d-5p,NM_001129841,CACNA1C,TGTAAACATCCCCGACTGGAAG#CTCACAGTGGGGGTGGGAACAG#(((...(((((((.((((..((#))..)))))))))))...))).,9437,9459,1.0,-20.8,0,0.0008976476,0.441,-0.3401587142857142,-0.06162142,-13.84643257468678,16,22,11,3UTR,,1,1
7608,hsa-miR-30d-5p,NM_001129842,CACNA1C,TGTAAACATCCCCGACTGGAAG#CTCACAGTGGGGGTGGGAACAG#(((...(((((((.((((..((#))..)))))))))))...))).,9437,9459,1.0,-20.8,0,0.0008976476,0.441,0.0,0.0,-13.84643257468678,16,22,11,3UTR,,1,1
7609,hsa-miR-365a-3p,NM_001129842,CACNA1C,TAATGCCCCTAAAAATCCTTAT#GATTTTTGTGGGGGCATC#..(((((((((((((((.....#))))))..))))))))).,9458,9476,1.0,-18.9,1,4.779131e-05,0.515,0.0,0.0,-4.95700071937229,15,18,9,3UTR,,1,1
7610,hsa-miR-365b-3p,NM_001129842,CACNA1C,TAATGCCCCTAAAAATCCTTAT#GATTTTTGTGGGGGCATC#..(((((((((((((((.....#))))))..))))))))).,9458,9476,1.0,-18.9,1,4.779131e-05,0.515,0.0,0.0,-4.95700071937229,15,18,9,3UTR,,1,1
7611,hsa-miR-29a-3p,NM_001129843,CACNA1C,TAGCACCATCTGAAATCGGTTA#CAGGTGGTGCTGA#((((((((((((..........#)))))))))))).,7663,7676,1.0,-20.6,1,1.940188e-05,0.353,0.4470082333333334,1.0496965625,-7.052043616942562,12,13,12,3UTR,MIRT732349,1,1
7612,hsa-miR-30c-5p,NM_001129843,CACNA1C,TGTAAACATCCTACACTCTCAGC#GCGGGAGGGGAGGAAGAAGAGTGTTTACAA#((((((((((((...(((((.((#)))))))...)))).......)))))))).,7784,7814,1.0,-19.3,1,0.02125892,0.471,0.9439176,0.7460760575000001,-6.818994536638949,19,30,8,3UTR,,1,1
7613,hsa-miR-30d-5p,NM_001129843,CACNA1C,TGTAAACATCCCCGACTGGAAG#CTCACAGTGGGGGTGGGAACAG#(((...(((((((.((((..((#))..)))))))))))...))).,9437,9459,1.0,-20.8,0,0.0008976476,0.441,-0.3401587142857142,-0.06162142,-13.84643257468678,16,22,11,3UTR,,1,1
7614,hsa-miR-30d-5p,NM_001129844,CACNA1C,TGTAAACATCCCCGACTGGAAG#CTCACAGTGGGGGTGGGAACAG#(((...(((((((.((((..((#))..)))))))))))...))).,9428,9450,1.0,-20.8,0,0.0008976476,0.441,0.0,0.0,-13.84643257468678,16,22,11,3UTR,,1,1
7615,hsa-miR-365a-3p,NM_001129844,CACNA1C,TAATGCCCCTAAAAATCCTTAT#GATTTTTGTGGGGGCATC#..(((((((((((((((.....#))))))..))))))))).,9449,9467,1.0,-18.9,1,4.779131e-05,0.515,0.0,0.0,-4.95700071937229,15,18,9,3UTR,,1,1
7616,hsa-miR-365b-3p,NM_001129844,CACNA1C,TAATGCCCCTAAAAATCCTTAT#GATTTTTGTGGGGGCATC#..(((((((((((((((.....#))))))..))))))))).,9449,9467,1.0,-18.9,1,4.779131e-05,0.515,0.0,0.0,-4.95700071937229,15,18,9,3UTR,,1,1
7617,hsa-miR-30d-5p,NM_001129846,CACNA1C,TGTAAACATCCCCGACTGGAAG#CTCACAGTGGGGGTGGGAACAG#(((...(((((((.((((..((#))..)))))))))))...))).,9404,9426,1.0,-20.8,0,0.0008976476,0.441,0.0,0.0,-13.84643257468678,16,22,11,3UTR,,1,1
7618,hsa-miR-365a-3p,NM_001129846,CACNA1C,TAATGCCCCTAAAAATCCTTAT#GATTTTTGTGGGGGCATC#..(((((((((((((((.....#))))))..))))))))).,9425,9443,1.0,-18.9,1,4.779131e-05,0.515,0.0,0.0,-4.95700071937229,15,18,9,3UTR,,1,1
7619,hsa-miR-365b-3p,NM_001129846,CACNA1C,TAATGCCCCTAAAAATCCTTAT#GATTTTTGTGGGGGCATC#..(((((((((((((((.....#))))))..))))))))).,9425,9443,1.0,-18.9,1,4.779131e-05,0.515,0.0,0.0,-4.95700071937229,15,18,9,3UTR,,1,1
8089,hsa-miR-15b-5p,NM_053025,MYLK,TAGCAGCACATCATGGTTTACA#TGTAAACCAGGATTCTTATTTGTGCTGTTAT#((((((((((((.(((((((((#))))))))).))........)))))))))).,6844,6875,1.0,-24.4,1,0.001482944,0.632,2.66845142,1.95052369125,-5.226705058867908,21,31,10,3UTR,,1,1
8090,hsa-miR-15b-5p,NM_053026,MYLK,TAGCAGCACATCATGGTTTACA#TGTAAACCAGGATTCTTATTTGTGCTGTTAT#((((((((((((.(((((((((#))))))))).))........)))))))))).,6637,6668,1.0,-24.4,1,0.001482944,0.632,0.549735625,0.6290952387500001,-5.226705058867908,21,31,10,3UTR,,1,1
8091,hsa-miR-15b-5p,NM_053027,MYLK,TAGCAGCACATCATGGTTTACA#TGTAAACCAGGATTCTTATTTGTGCTGTTAT#((((((((((((.(((((((((#))))))))).))........)))))))))).,6691,6722,1.0,-24.4,1,0.001482944,0.632,2.66845142,1.95052369125,-5.226705058867908,21,31,10,3UTR,,1,1
8092,hsa-miR-15b-5p,NM_053028,MYLK,TAGCAGCACATCATGGTTTACA#TGTAAACCAGGATTCTTATTTGTGCTGTTAT#((((((((((((.(((((((((#))))))))).))........)))))))))).,6484,6515,1.0,-24.4,1,0.001482944,0.632,0.549735625,0.6290952387500001,-5.226705058867908,21,31,10,3UTR,,1,1
8093,hsa-miR-15b-5p,NM_053031,MYLK,TAGCAGCACATCATGGTTTACA#TGTAAACCAGGATTCTTATTTGTGCTGTTAT#((((((((((((.(((((((((#))))))))).))........)))))))))).,1503,1534,1.0,-24.4,1,0.001482944,0.632,0.15686565,0.0560656125,-5.226705058867908,21,31,10,3UTR,,1,1
8094,hsa-miR-15b-5p,NM_053032,MYLK,TAGCAGCACATCATGGTTTACA#TGTAAACCAGGATTCTTATTTGTGCTGTTAT#((((((((((((.(((((((((#))))))))).))........)))))))))).,1506,1537,1.0,-24.4,1,0.001482944,0.632,0.0678152999999999,0.0375133874999999,-5.226705058867908,21,31,10,3UTR,,1,1
8982,hsa-let-7b-5p,NM_000212,ITGB3,TGAGGTAGTAGGTTGTGTGGTT#TCACTGCAATCTCTGCCTCT#.(((((((.(((((((((((..#)))).)))))))))))))).,5243,5263,1.0,-23.1,1,0.01419097,0.471,-0.0419446666666666,-0.1559978,-4.849714495602881,18,20,14,3UTR,,1,1
8983,hsa-miR-30c-5p,NM_000212,ITGB3,TGTAAACATCCTACACTCTCAGC#GCTAATTCTTTGACCTGTTGGGAGTGAGGATGTC#.....(((((((.((((((((((#.))))))))))))))))).,3059,3093,1.0,-25.5,0,9.586434e-06,0.471,0.1265244079999999,0.2455593429999999,-14.954730256116644,17,19,17,3UTR,MIRT007133,1,1
9041,hsa-miR-30d-5p,NM_000719,CACNA1C,TGTAAACATCCCCGACTGGAAG#CTCACAGTGGGGGTGGGAACAG#(((...(((((((.((((..((#))..)))))))))))...))).,9437,9459,1.0,-20.8,0,0.0008976476,0.441,0.0,0.0,-13.84643257468678,16,22,11,3UTR,,1,1
9042,hsa-miR-365a-3p,NM_000719,CACNA1C,TAATGCCCCTAAAAATCCTTAT#GATTTTTGTGGGGGCATC#..(((((((((((((((.....#))))))..))))))))).,9458,9476,1.0,-18.9,1,4.779131e-05,0.515,0.0,0.0,-4.95700071937229,15,18,9,3UTR,,1,1
9043,hsa-miR-365b-3p,NM_000719,CACNA1C,TAATGCCCCTAAAAATCCTTAT#GATTTTTGTGGGGGCATC#..(((((((((((((((.....#))))))..))))))))).,9458,9476,1.0,-18.9,1,4.779131e-05,0.515,0.0,0.0,-4.95700071937229,15,18,9,3UTR,,1,1
9074,hsa-miR-16-5p,NM_000876,IGF2R,TAGCAGCACGTAAATATTGGCG#GCCTGTGATGGTCACGTGTTGCA#..(((((((((...(((((((.#)))...))))...))))))))).,12204,12227,1.0,-20.6,1,8.308108e-05,0.529,0.0,0.0,-10.449774559155296,16,23,9,3UTR,MIRT001451,1,1
9373,hsa-miR-877-5p,NM_001031812,CSNK1G3,GTAGAGGAGATGGCGCAGGG#CTTGCTCTTTCCCATTTCCTCTAA#.((((((((((((.(((((.#)))))......)))))))))))).,4288,4312,1.0,-22.6,1,0.0475279,0.676,0.0,0.0,-4.650164754877524,17,24,12,3UTR,,1,1
9406,hsa-let-7b-5p,NM_001034,RRM2,TGAGGTAGTAGGTTGTGTGGTT#ATGCAGCCTCACTGCTTCAA#((((((((((((((((((....#))))))))).))))))))).,1552,1572,1.0,-23.1,1,0.001472693,0.632,0.0,0.0,-3.937574446201665,18,20,9,3UTR,MIRT005050,1,1
